ISO-10303-21;
HEADER;
FILE_DESCRIPTION(('FreeCAD Model'),'2;1');
FILE_NAME('Open CASCADE Shape Model','2025-08-30T13:12:32',(''),(''),
  'Open CASCADE STEP processor 7.8','FreeCAD','Unknown');
FILE_SCHEMA(('AUTOMOTIVE_DESIGN { 1 0 10303 214 1 1 1 1 }'));
ENDSEC;
DATA;
#1 = APPLICATION_PROTOCOL_DEFINITION('international standard',
  'automotive_design',2000,#2);
#2 = APPLICATION_CONTEXT(
  'core data for automotive mechanical design processes');
#3 = SHAPE_DEFINITION_REPRESENTATION(#4,#10);
#4 = PRODUCT_DEFINITION_SHAPE('','',#5);
#5 = PRODUCT_DEFINITION('design','',#6,#9);
#6 = PRODUCT_DEFINITION_FORMATION('','',#7);
#7 = PRODUCT('DFN_standard','DFN_standard','',(#8));
#8 = PRODUCT_CONTEXT('',#2,'mechanical');
#9 = PRODUCT_DEFINITION_CONTEXT('part definition',#2,'design');
#10 = SHAPE_REPRESENTATION('',(#11,#15,#19,#23,#27,#31,#35,#39,#43,#47,
    #51,#55),#59);
#11 = AXIS2_PLACEMENT_3D('',#12,#13,#14);
#12 = CARTESIAN_POINT('',(0.,0.,0.));
#13 = DIRECTION('',(0.,0.,1.));
#14 = DIRECTION('',(1.,0.,-0.));
#15 = AXIS2_PLACEMENT_3D('',#16,#17,#18);
#16 = CARTESIAN_POINT('',(0.,0.,0.));
#17 = DIRECTION('',(0.,0.,1.));
#18 = DIRECTION('',(1.,0.,0.));
#19 = AXIS2_PLACEMENT_3D('',#20,#21,#22);
#20 = CARTESIAN_POINT('',(0.,0.,0.));
#21 = DIRECTION('',(0.,0.,1.));
#22 = DIRECTION('',(1.,0.,0.));
#23 = AXIS2_PLACEMENT_3D('',#24,#25,#26);
#24 = CARTESIAN_POINT('',(0.,0.,0.));
#25 = DIRECTION('',(0.,0.,1.));
#26 = DIRECTION('',(1.,0.,0.));
#27 = AXIS2_PLACEMENT_3D('',#28,#29,#30);
#28 = CARTESIAN_POINT('',(0.,0.,-0.5));
#29 = DIRECTION('',(0.,0.,1.));
#30 = DIRECTION('',(1.,0.,0.));
#31 = AXIS2_PLACEMENT_3D('',#32,#33,#34);
#32 = CARTESIAN_POINT('',(0.,0.,-1.));
#33 = DIRECTION('',(0.,0.,1.));
#34 = DIRECTION('',(1.,0.,0.));
#35 = AXIS2_PLACEMENT_3D('',#36,#37,#38);
#36 = CARTESIAN_POINT('',(0.,0.,-1.5));
#37 = DIRECTION('',(0.,0.,1.));
#38 = DIRECTION('',(1.,0.,0.));
#39 = AXIS2_PLACEMENT_3D('',#40,#41,#42);
#40 = CARTESIAN_POINT('',(0.,0.,-0.5));
#41 = DIRECTION('',(0.,0.,1.));
#42 = DIRECTION('',(1.,0.,0.));
#43 = AXIS2_PLACEMENT_3D('',#44,#45,#46);
#44 = CARTESIAN_POINT('',(0.,0.,-1.));
#45 = DIRECTION('',(0.,0.,1.));
#46 = DIRECTION('',(1.,0.,0.));
#47 = AXIS2_PLACEMENT_3D('',#48,#49,#50);
#48 = CARTESIAN_POINT('',(0.,0.,-1.5));
#49 = DIRECTION('',(0.,0.,1.));
#50 = DIRECTION('',(1.,0.,0.));
#51 = AXIS2_PLACEMENT_3D('',#52,#53,#54);
#52 = CARTESIAN_POINT('',(0.,0.,0.));
#53 = DIRECTION('',(0.,0.,1.));
#54 = DIRECTION('',(1.,0.,0.));
#55 = AXIS2_PLACEMENT_3D('',#56,#57,#58);
#56 = CARTESIAN_POINT('',(0.,0.,0.));
#57 = DIRECTION('',(0.,0.,1.));
#58 = DIRECTION('',(1.,0.,0.));
#59 = ( GEOMETRIC_REPRESENTATION_CONTEXT(3) 
GLOBAL_UNCERTAINTY_ASSIGNED_CONTEXT((#63)) GLOBAL_UNIT_ASSIGNED_CONTEXT(
(#60,#61,#62)) REPRESENTATION_CONTEXT('Context #1',
  '3D Context with UNIT and UNCERTAINTY') );
#60 = ( LENGTH_UNIT() NAMED_UNIT(*) SI_UNIT(.MILLI.,.METRE.) );
#61 = ( NAMED_UNIT(*) PLANE_ANGLE_UNIT() SI_UNIT($,.RADIAN.) );
#62 = ( NAMED_UNIT(*) SI_UNIT($,.STERADIAN.) SOLID_ANGLE_UNIT() );
#63 = UNCERTAINTY_MEASURE_WITH_UNIT(LENGTH_MEASURE(5.E-07),#60,
  'distance_accuracy_value','confusion accuracy');
#64 = PRODUCT_RELATED_PRODUCT_CATEGORY('part',$,(#7));
#65 = SHAPE_DEFINITION_REPRESENTATION(#66,#72);
#66 = PRODUCT_DEFINITION_SHAPE('','',#67);
#67 = PRODUCT_DEFINITION('design','',#68,#71);
#68 = PRODUCT_DEFINITION_FORMATION('','',#69);
#69 = PRODUCT('Body_Solid1','Body_Solid1','',(#70));
#70 = PRODUCT_CONTEXT('',#2,'mechanical');
#71 = PRODUCT_DEFINITION_CONTEXT('part definition',#2,'design');
#72 = ADVANCED_BREP_SHAPE_REPRESENTATION('',(#11,#73),#1340);
#73 = MANIFOLD_SOLID_BREP('',#74);
#74 = CLOSED_SHELL('',(#75,#243,#502,#526,#551,#568,#592,#617,#634,#658,
    #683,#700,#724,#749,#766,#790,#825,#842,#854,#866,#878,#890,#994,
    #1018,#1043,#1060,#1084,#1109,#1126,#1150,#1175,#1192,#1216,#1241,
    #1258,#1283,#1295,#1307,#1319,#1331));
#75 = ADVANCED_FACE('',(#76),#238,.T.);
#76 = FACE_BOUND('',#77,.T.);
#77 = EDGE_LOOP('',(#78,#88,#96,#104,#112,#120,#128,#136,#144,#152,#160,
    #168,#176,#184,#192,#200,#208,#216,#224,#232));
#78 = ORIENTED_EDGE('',*,*,#79,.F.);
#79 = EDGE_CURVE('',#80,#82,#84,.T.);
#80 = VERTEX_POINT('',#81);
#81 = CARTESIAN_POINT('',(1.5,5.E-02,-1.));
#82 = VERTEX_POINT('',#83);
#83 = CARTESIAN_POINT('',(1.5,5.E-02,-0.885));
#84 = LINE('',#85,#86);
#85 = CARTESIAN_POINT('',(1.5,5.E-02,-1.));
#86 = VECTOR('',#87,1.);
#87 = DIRECTION('',(0.,2.22044604925E-16,1.));
#88 = ORIENTED_EDGE('',*,*,#89,.T.);
#89 = EDGE_CURVE('',#80,#90,#92,.T.);
#90 = VERTEX_POINT('',#91);
#91 = CARTESIAN_POINT('',(1.5,1.,-1.));
#92 = LINE('',#93,#94);
#93 = CARTESIAN_POINT('',(1.5,-2.22044604925E-16,-1.));
#94 = VECTOR('',#95,1.);
#95 = DIRECTION('',(0.,1.,-2.22044604925E-16));
#96 = ORIENTED_EDGE('',*,*,#97,.T.);
#97 = EDGE_CURVE('',#90,#98,#100,.T.);
#98 = VERTEX_POINT('',#99);
#99 = CARTESIAN_POINT('',(1.5,1.,1.));
#100 = LINE('',#101,#102);
#101 = CARTESIAN_POINT('',(1.5,1.,-1.));
#102 = VECTOR('',#103,1.);
#103 = DIRECTION('',(0.,2.22044604925E-16,1.));
#104 = ORIENTED_EDGE('',*,*,#105,.F.);
#105 = EDGE_CURVE('',#106,#98,#108,.T.);
#106 = VERTEX_POINT('',#107);
#107 = CARTESIAN_POINT('',(1.5,5.E-02,1.));
#108 = LINE('',#109,#110);
#109 = CARTESIAN_POINT('',(1.5,2.22044604925E-16,1.));
#110 = VECTOR('',#111,1.);
#111 = DIRECTION('',(0.,1.,-2.22044604925E-16));
#112 = ORIENTED_EDGE('',*,*,#113,.F.);
#113 = EDGE_CURVE('',#114,#106,#116,.T.);
#114 = VERTEX_POINT('',#115);
#115 = CARTESIAN_POINT('',(1.5,5.E-02,0.885));
#116 = LINE('',#117,#118);
#117 = CARTESIAN_POINT('',(1.5,5.E-02,-1.));
#118 = VECTOR('',#119,1.);
#119 = DIRECTION('',(0.,2.22044604925E-16,1.));
#120 = ORIENTED_EDGE('',*,*,#121,.T.);
#121 = EDGE_CURVE('',#114,#122,#124,.T.);
#122 = VERTEX_POINT('',#123);
#123 = CARTESIAN_POINT('',(1.5,0.2,0.885));
#124 = LINE('',#125,#126);
#125 = CARTESIAN_POINT('',(1.5,0.,0.885));
#126 = VECTOR('',#127,1.);
#127 = DIRECTION('',(0.,1.,-2.22044604925E-16));
#128 = ORIENTED_EDGE('',*,*,#129,.T.);
#129 = EDGE_CURVE('',#122,#130,#132,.T.);
#130 = VERTEX_POINT('',#131);
#131 = CARTESIAN_POINT('',(1.5,0.2,0.615));
#132 = LINE('',#133,#134);
#133 = CARTESIAN_POINT('',(1.5,0.2,0.885));
#134 = VECTOR('',#135,1.);
#135 = DIRECTION('',(0.,-2.22044604925E-16,-1.));
#136 = ORIENTED_EDGE('',*,*,#137,.F.);
#137 = EDGE_CURVE('',#138,#130,#140,.T.);
#138 = VERTEX_POINT('',#139);
#139 = CARTESIAN_POINT('',(1.5,5.E-02,0.615));
#140 = LINE('',#141,#142);
#141 = CARTESIAN_POINT('',(1.5,0.,0.615));
#142 = VECTOR('',#143,1.);
#143 = DIRECTION('',(0.,1.,-2.22044604925E-16));
#144 = ORIENTED_EDGE('',*,*,#145,.F.);
#145 = EDGE_CURVE('',#146,#138,#148,.T.);
#146 = VERTEX_POINT('',#147);
#147 = CARTESIAN_POINT('',(1.5,5.E-02,0.385));
#148 = LINE('',#149,#150);
#149 = CARTESIAN_POINT('',(1.5,5.E-02,-1.));
#150 = VECTOR('',#151,1.);
#151 = DIRECTION('',(0.,2.22044604925E-16,1.));
#152 = ORIENTED_EDGE('',*,*,#153,.T.);
#153 = EDGE_CURVE('',#146,#154,#156,.T.);
#154 = VERTEX_POINT('',#155);
#155 = CARTESIAN_POINT('',(1.5,0.2,0.385));
#156 = LINE('',#157,#158);
#157 = CARTESIAN_POINT('',(1.5,0.,0.385));
#158 = VECTOR('',#159,1.);
#159 = DIRECTION('',(0.,1.,-2.22044604925E-16));
#160 = ORIENTED_EDGE('',*,*,#161,.T.);
#161 = EDGE_CURVE('',#154,#162,#164,.T.);
#162 = VERTEX_POINT('',#163);
#163 = CARTESIAN_POINT('',(1.5,0.2,0.115));
#164 = LINE('',#165,#166);
#165 = CARTESIAN_POINT('',(1.5,0.2,0.385));
#166 = VECTOR('',#167,1.);
#167 = DIRECTION('',(0.,-2.22044604925E-16,-1.));
#168 = ORIENTED_EDGE('',*,*,#169,.F.);
#169 = EDGE_CURVE('',#170,#162,#172,.T.);
#170 = VERTEX_POINT('',#171);
#171 = CARTESIAN_POINT('',(1.5,5.E-02,0.115));
#172 = LINE('',#173,#174);
#173 = CARTESIAN_POINT('',(1.5,0.,0.115));
#174 = VECTOR('',#175,1.);
#175 = DIRECTION('',(0.,1.,-2.22044604925E-16));
#176 = ORIENTED_EDGE('',*,*,#177,.F.);
#177 = EDGE_CURVE('',#178,#170,#180,.T.);
#178 = VERTEX_POINT('',#179);
#179 = CARTESIAN_POINT('',(1.5,5.E-02,-0.115));
#180 = LINE('',#181,#182);
#181 = CARTESIAN_POINT('',(1.5,5.E-02,-1.));
#182 = VECTOR('',#183,1.);
#183 = DIRECTION('',(0.,2.22044604925E-16,1.));
#184 = ORIENTED_EDGE('',*,*,#185,.T.);
#185 = EDGE_CURVE('',#178,#186,#188,.T.);
#186 = VERTEX_POINT('',#187);
#187 = CARTESIAN_POINT('',(1.5,0.2,-0.115));
#188 = LINE('',#189,#190);
#189 = CARTESIAN_POINT('',(1.5,-1.110223024625E-16,-0.115));
#190 = VECTOR('',#191,1.);
#191 = DIRECTION('',(0.,1.,-2.22044604925E-16));
#192 = ORIENTED_EDGE('',*,*,#193,.T.);
#193 = EDGE_CURVE('',#186,#194,#196,.T.);
#194 = VERTEX_POINT('',#195);
#195 = CARTESIAN_POINT('',(1.5,0.2,-0.385));
#196 = LINE('',#197,#198);
#197 = CARTESIAN_POINT('',(1.5,0.2,-0.115));
#198 = VECTOR('',#199,1.);
#199 = DIRECTION('',(0.,-2.22044604925E-16,-1.));
#200 = ORIENTED_EDGE('',*,*,#201,.F.);
#201 = EDGE_CURVE('',#202,#194,#204,.T.);
#202 = VERTEX_POINT('',#203);
#203 = CARTESIAN_POINT('',(1.5,5.E-02,-0.385));
#204 = LINE('',#205,#206);
#205 = CARTESIAN_POINT('',(1.5,-1.110223024625E-16,-0.385));
#206 = VECTOR('',#207,1.);
#207 = DIRECTION('',(0.,1.,-2.22044604925E-16));
#208 = ORIENTED_EDGE('',*,*,#209,.F.);
#209 = EDGE_CURVE('',#210,#202,#212,.T.);
#210 = VERTEX_POINT('',#211);
#211 = CARTESIAN_POINT('',(1.5,5.E-02,-0.615));
#212 = LINE('',#213,#214);
#213 = CARTESIAN_POINT('',(1.5,5.E-02,-1.));
#214 = VECTOR('',#215,1.);
#215 = DIRECTION('',(0.,2.22044604925E-16,1.));
#216 = ORIENTED_EDGE('',*,*,#217,.T.);
#217 = EDGE_CURVE('',#210,#218,#220,.T.);
#218 = VERTEX_POINT('',#219);
#219 = CARTESIAN_POINT('',(1.5,0.2,-0.615));
#220 = LINE('',#221,#222);
#221 = CARTESIAN_POINT('',(1.5,-1.365574320289E-16,-0.615));
#222 = VECTOR('',#223,1.);
#223 = DIRECTION('',(0.,1.,-2.22044604925E-16));
#224 = ORIENTED_EDGE('',*,*,#225,.T.);
#225 = EDGE_CURVE('',#218,#226,#228,.T.);
#226 = VERTEX_POINT('',#227);
#227 = CARTESIAN_POINT('',(1.5,0.2,-0.885));
#228 = LINE('',#229,#230);
#229 = CARTESIAN_POINT('',(1.5,0.2,-0.615));
#230 = VECTOR('',#231,1.);
#231 = DIRECTION('',(0.,-2.22044604925E-16,-1.));
#232 = ORIENTED_EDGE('',*,*,#233,.F.);
#233 = EDGE_CURVE('',#82,#226,#234,.T.);
#234 = LINE('',#235,#236);
#235 = CARTESIAN_POINT('',(1.5,-1.965094753587E-16,-0.885));
#236 = VECTOR('',#237,1.);
#237 = DIRECTION('',(0.,1.,-2.22044604925E-16));
#238 = PLANE('',#239);
#239 = AXIS2_PLACEMENT_3D('',#240,#241,#242);
#240 = CARTESIAN_POINT('',(1.5,-2.22044604925E-16,-1.));
#241 = DIRECTION('',(1.,0.,0.));
#242 = DIRECTION('',(0.,2.22044604925E-16,1.));
#243 = ADVANCED_FACE('',(#244),#497,.F.);
#244 = FACE_BOUND('',#245,.F.);
#245 = EDGE_LOOP('',(#246,#247,#255,#263,#271,#280,#288,#296,#304,#313,
    #321,#329,#337,#346,#354,#362,#370,#379,#387,#395,#401,#402,#410,
    #419,#425,#426,#434,#443,#449,#450,#458,#467,#473,#474,#482,#491));
#246 = ORIENTED_EDGE('',*,*,#79,.F.);
#247 = ORIENTED_EDGE('',*,*,#248,.F.);
#248 = EDGE_CURVE('',#249,#80,#251,.T.);
#249 = VERTEX_POINT('',#250);
#250 = CARTESIAN_POINT('',(-1.5,5.E-02,-1.));
#251 = LINE('',#252,#253);
#252 = CARTESIAN_POINT('',(-1.5,5.E-02,-1.));
#253 = VECTOR('',#254,1.);
#254 = DIRECTION('',(1.,0.,0.));
#255 = ORIENTED_EDGE('',*,*,#256,.F.);
#256 = EDGE_CURVE('',#257,#249,#259,.T.);
#257 = VERTEX_POINT('',#258);
#258 = CARTESIAN_POINT('',(-1.5,5.E-02,-0.885));
#259 = LINE('',#260,#261);
#260 = CARTESIAN_POINT('',(-1.5,5.E-02,1.));
#261 = VECTOR('',#262,1.);
#262 = DIRECTION('',(0.,-2.22044604925E-16,-1.));
#263 = ORIENTED_EDGE('',*,*,#264,.T.);
#264 = EDGE_CURVE('',#257,#265,#267,.T.);
#265 = VERTEX_POINT('',#266);
#266 = CARTESIAN_POINT('',(-1.19,5.E-02,-0.885));
#267 = LINE('',#268,#269);
#268 = CARTESIAN_POINT('',(-0.595,5.E-02,-0.885));
#269 = VECTOR('',#270,1.);
#270 = DIRECTION('',(1.,0.,0.));
#271 = ORIENTED_EDGE('',*,*,#272,.T.);
#272 = EDGE_CURVE('',#265,#273,#275,.T.);
#273 = VERTEX_POINT('',#274);
#274 = CARTESIAN_POINT('',(-1.19,5.E-02,-0.615));
#275 = CIRCLE('',#276,0.135);
#276 = AXIS2_PLACEMENT_3D('',#277,#278,#279);
#277 = CARTESIAN_POINT('',(-1.19,5.E-02,-0.75));
#278 = DIRECTION('',(0.,-1.,2.22044604925E-16));
#279 = DIRECTION('',(1.,0.,0.));
#280 = ORIENTED_EDGE('',*,*,#281,.T.);
#281 = EDGE_CURVE('',#273,#282,#284,.T.);
#282 = VERTEX_POINT('',#283);
#283 = CARTESIAN_POINT('',(-1.5,5.E-02,-0.615));
#284 = LINE('',#285,#286);
#285 = CARTESIAN_POINT('',(-0.75,5.E-02,-0.615));
#286 = VECTOR('',#287,1.);
#287 = DIRECTION('',(-1.,0.,0.));
#288 = ORIENTED_EDGE('',*,*,#289,.F.);
#289 = EDGE_CURVE('',#290,#282,#292,.T.);
#290 = VERTEX_POINT('',#291);
#291 = CARTESIAN_POINT('',(-1.5,5.E-02,-0.385));
#292 = LINE('',#293,#294);
#293 = CARTESIAN_POINT('',(-1.5,5.E-02,1.));
#294 = VECTOR('',#295,1.);
#295 = DIRECTION('',(0.,-2.22044604925E-16,-1.));
#296 = ORIENTED_EDGE('',*,*,#297,.T.);
#297 = EDGE_CURVE('',#290,#298,#300,.T.);
#298 = VERTEX_POINT('',#299);
#299 = CARTESIAN_POINT('',(-1.19,5.E-02,-0.385));
#300 = LINE('',#301,#302);
#301 = CARTESIAN_POINT('',(-0.595,5.E-02,-0.385));
#302 = VECTOR('',#303,1.);
#303 = DIRECTION('',(1.,0.,0.));
#304 = ORIENTED_EDGE('',*,*,#305,.T.);
#305 = EDGE_CURVE('',#298,#306,#308,.T.);
#306 = VERTEX_POINT('',#307);
#307 = CARTESIAN_POINT('',(-1.19,5.E-02,-0.115));
#308 = CIRCLE('',#309,0.135);
#309 = AXIS2_PLACEMENT_3D('',#310,#311,#312);
#310 = CARTESIAN_POINT('',(-1.19,5.E-02,-0.25));
#311 = DIRECTION('',(0.,-1.,2.22044604925E-16));
#312 = DIRECTION('',(1.,0.,0.));
#313 = ORIENTED_EDGE('',*,*,#314,.T.);
#314 = EDGE_CURVE('',#306,#315,#317,.T.);
#315 = VERTEX_POINT('',#316);
#316 = CARTESIAN_POINT('',(-1.5,5.E-02,-0.115));
#317 = LINE('',#318,#319);
#318 = CARTESIAN_POINT('',(-0.75,5.E-02,-0.115));
#319 = VECTOR('',#320,1.);
#320 = DIRECTION('',(-1.,0.,0.));
#321 = ORIENTED_EDGE('',*,*,#322,.F.);
#322 = EDGE_CURVE('',#323,#315,#325,.T.);
#323 = VERTEX_POINT('',#324);
#324 = CARTESIAN_POINT('',(-1.5,5.E-02,0.115));
#325 = LINE('',#326,#327);
#326 = CARTESIAN_POINT('',(-1.5,5.E-02,1.));
#327 = VECTOR('',#328,1.);
#328 = DIRECTION('',(0.,-2.22044604925E-16,-1.));
#329 = ORIENTED_EDGE('',*,*,#330,.T.);
#330 = EDGE_CURVE('',#323,#331,#333,.T.);
#331 = VERTEX_POINT('',#332);
#332 = CARTESIAN_POINT('',(-1.19,5.E-02,0.115));
#333 = LINE('',#334,#335);
#334 = CARTESIAN_POINT('',(-0.595,5.E-02,0.115));
#335 = VECTOR('',#336,1.);
#336 = DIRECTION('',(1.,0.,0.));
#337 = ORIENTED_EDGE('',*,*,#338,.T.);
#338 = EDGE_CURVE('',#331,#339,#341,.T.);
#339 = VERTEX_POINT('',#340);
#340 = CARTESIAN_POINT('',(-1.19,5.E-02,0.385));
#341 = CIRCLE('',#342,0.135);
#342 = AXIS2_PLACEMENT_3D('',#343,#344,#345);
#343 = CARTESIAN_POINT('',(-1.19,5.E-02,0.25));
#344 = DIRECTION('',(0.,-1.,2.22044604925E-16));
#345 = DIRECTION('',(1.,0.,0.));
#346 = ORIENTED_EDGE('',*,*,#347,.T.);
#347 = EDGE_CURVE('',#339,#348,#350,.T.);
#348 = VERTEX_POINT('',#349);
#349 = CARTESIAN_POINT('',(-1.5,5.E-02,0.385));
#350 = LINE('',#351,#352);
#351 = CARTESIAN_POINT('',(-0.75,5.E-02,0.385));
#352 = VECTOR('',#353,1.);
#353 = DIRECTION('',(-1.,0.,0.));
#354 = ORIENTED_EDGE('',*,*,#355,.F.);
#355 = EDGE_CURVE('',#356,#348,#358,.T.);
#356 = VERTEX_POINT('',#357);
#357 = CARTESIAN_POINT('',(-1.5,5.E-02,0.615));
#358 = LINE('',#359,#360);
#359 = CARTESIAN_POINT('',(-1.5,5.E-02,1.));
#360 = VECTOR('',#361,1.);
#361 = DIRECTION('',(0.,-2.22044604925E-16,-1.));
#362 = ORIENTED_EDGE('',*,*,#363,.T.);
#363 = EDGE_CURVE('',#356,#364,#366,.T.);
#364 = VERTEX_POINT('',#365);
#365 = CARTESIAN_POINT('',(-1.19,5.E-02,0.615));
#366 = LINE('',#367,#368);
#367 = CARTESIAN_POINT('',(-0.595,5.E-02,0.615));
#368 = VECTOR('',#369,1.);
#369 = DIRECTION('',(1.,0.,0.));
#370 = ORIENTED_EDGE('',*,*,#371,.T.);
#371 = EDGE_CURVE('',#364,#372,#374,.T.);
#372 = VERTEX_POINT('',#373);
#373 = CARTESIAN_POINT('',(-1.19,5.E-02,0.885));
#374 = CIRCLE('',#375,0.135);
#375 = AXIS2_PLACEMENT_3D('',#376,#377,#378);
#376 = CARTESIAN_POINT('',(-1.19,5.E-02,0.75));
#377 = DIRECTION('',(0.,-1.,2.22044604925E-16));
#378 = DIRECTION('',(1.,0.,0.));
#379 = ORIENTED_EDGE('',*,*,#380,.T.);
#380 = EDGE_CURVE('',#372,#381,#383,.T.);
#381 = VERTEX_POINT('',#382);
#382 = CARTESIAN_POINT('',(-1.5,5.E-02,0.885));
#383 = LINE('',#384,#385);
#384 = CARTESIAN_POINT('',(-0.75,5.E-02,0.885));
#385 = VECTOR('',#386,1.);
#386 = DIRECTION('',(-1.,0.,0.));
#387 = ORIENTED_EDGE('',*,*,#388,.F.);
#388 = EDGE_CURVE('',#389,#381,#391,.T.);
#389 = VERTEX_POINT('',#390);
#390 = CARTESIAN_POINT('',(-1.5,5.E-02,1.));
#391 = LINE('',#392,#393);
#392 = CARTESIAN_POINT('',(-1.5,5.E-02,1.));
#393 = VECTOR('',#394,1.);
#394 = DIRECTION('',(0.,-2.22044604925E-16,-1.));
#395 = ORIENTED_EDGE('',*,*,#396,.F.);
#396 = EDGE_CURVE('',#106,#389,#397,.T.);
#397 = LINE('',#398,#399);
#398 = CARTESIAN_POINT('',(1.5,5.E-02,1.));
#399 = VECTOR('',#400,1.);
#400 = DIRECTION('',(-1.,0.,0.));
#401 = ORIENTED_EDGE('',*,*,#113,.F.);
#402 = ORIENTED_EDGE('',*,*,#403,.T.);
#403 = EDGE_CURVE('',#114,#404,#406,.T.);
#404 = VERTEX_POINT('',#405);
#405 = CARTESIAN_POINT('',(1.19,5.E-02,0.885));
#406 = LINE('',#407,#408);
#407 = CARTESIAN_POINT('',(0.595,5.E-02,0.885));
#408 = VECTOR('',#409,1.);
#409 = DIRECTION('',(-1.,0.,0.));
#410 = ORIENTED_EDGE('',*,*,#411,.T.);
#411 = EDGE_CURVE('',#404,#412,#414,.T.);
#412 = VERTEX_POINT('',#413);
#413 = CARTESIAN_POINT('',(1.19,5.E-02,0.615));
#414 = CIRCLE('',#415,0.135);
#415 = AXIS2_PLACEMENT_3D('',#416,#417,#418);
#416 = CARTESIAN_POINT('',(1.19,5.E-02,0.75));
#417 = DIRECTION('',(0.,-1.,2.22044604925E-16));
#418 = DIRECTION('',(1.,0.,0.));
#419 = ORIENTED_EDGE('',*,*,#420,.T.);
#420 = EDGE_CURVE('',#412,#138,#421,.T.);
#421 = LINE('',#422,#423);
#422 = CARTESIAN_POINT('',(0.75,5.E-02,0.615));
#423 = VECTOR('',#424,1.);
#424 = DIRECTION('',(1.,0.,0.));
#425 = ORIENTED_EDGE('',*,*,#145,.F.);
#426 = ORIENTED_EDGE('',*,*,#427,.T.);
#427 = EDGE_CURVE('',#146,#428,#430,.T.);
#428 = VERTEX_POINT('',#429);
#429 = CARTESIAN_POINT('',(1.19,5.E-02,0.385));
#430 = LINE('',#431,#432);
#431 = CARTESIAN_POINT('',(0.595,5.E-02,0.385));
#432 = VECTOR('',#433,1.);
#433 = DIRECTION('',(-1.,0.,0.));
#434 = ORIENTED_EDGE('',*,*,#435,.T.);
#435 = EDGE_CURVE('',#428,#436,#438,.T.);
#436 = VERTEX_POINT('',#437);
#437 = CARTESIAN_POINT('',(1.19,5.E-02,0.115));
#438 = CIRCLE('',#439,0.135);
#439 = AXIS2_PLACEMENT_3D('',#440,#441,#442);
#440 = CARTESIAN_POINT('',(1.19,5.E-02,0.25));
#441 = DIRECTION('',(0.,-1.,2.22044604925E-16));
#442 = DIRECTION('',(1.,0.,0.));
#443 = ORIENTED_EDGE('',*,*,#444,.T.);
#444 = EDGE_CURVE('',#436,#170,#445,.T.);
#445 = LINE('',#446,#447);
#446 = CARTESIAN_POINT('',(0.75,5.E-02,0.115));
#447 = VECTOR('',#448,1.);
#448 = DIRECTION('',(1.,0.,0.));
#449 = ORIENTED_EDGE('',*,*,#177,.F.);
#450 = ORIENTED_EDGE('',*,*,#451,.T.);
#451 = EDGE_CURVE('',#178,#452,#454,.T.);
#452 = VERTEX_POINT('',#453);
#453 = CARTESIAN_POINT('',(1.19,5.E-02,-0.115));
#454 = LINE('',#455,#456);
#455 = CARTESIAN_POINT('',(0.595,5.E-02,-0.115));
#456 = VECTOR('',#457,1.);
#457 = DIRECTION('',(-1.,0.,0.));
#458 = ORIENTED_EDGE('',*,*,#459,.T.);
#459 = EDGE_CURVE('',#452,#460,#462,.T.);
#460 = VERTEX_POINT('',#461);
#461 = CARTESIAN_POINT('',(1.19,5.E-02,-0.385));
#462 = CIRCLE('',#463,0.135);
#463 = AXIS2_PLACEMENT_3D('',#464,#465,#466);
#464 = CARTESIAN_POINT('',(1.19,5.E-02,-0.25));
#465 = DIRECTION('',(0.,-1.,2.22044604925E-16));
#466 = DIRECTION('',(1.,0.,0.));
#467 = ORIENTED_EDGE('',*,*,#468,.T.);
#468 = EDGE_CURVE('',#460,#202,#469,.T.);
#469 = LINE('',#470,#471);
#470 = CARTESIAN_POINT('',(0.75,5.E-02,-0.385));
#471 = VECTOR('',#472,1.);
#472 = DIRECTION('',(1.,0.,0.));
#473 = ORIENTED_EDGE('',*,*,#209,.F.);
#474 = ORIENTED_EDGE('',*,*,#475,.T.);
#475 = EDGE_CURVE('',#210,#476,#478,.T.);
#476 = VERTEX_POINT('',#477);
#477 = CARTESIAN_POINT('',(1.19,5.E-02,-0.615));
#478 = LINE('',#479,#480);
#479 = CARTESIAN_POINT('',(0.595,5.E-02,-0.615));
#480 = VECTOR('',#481,1.);
#481 = DIRECTION('',(-1.,0.,0.));
#482 = ORIENTED_EDGE('',*,*,#483,.T.);
#483 = EDGE_CURVE('',#476,#484,#486,.T.);
#484 = VERTEX_POINT('',#485);
#485 = CARTESIAN_POINT('',(1.19,5.E-02,-0.885));
#486 = CIRCLE('',#487,0.135);
#487 = AXIS2_PLACEMENT_3D('',#488,#489,#490);
#488 = CARTESIAN_POINT('',(1.19,5.E-02,-0.75));
#489 = DIRECTION('',(0.,-1.,2.22044604925E-16));
#490 = DIRECTION('',(1.,0.,0.));
#491 = ORIENTED_EDGE('',*,*,#492,.T.);
#492 = EDGE_CURVE('',#484,#82,#493,.T.);
#493 = LINE('',#494,#495);
#494 = CARTESIAN_POINT('',(0.75,5.E-02,-0.885));
#495 = VECTOR('',#496,1.);
#496 = DIRECTION('',(1.,0.,0.));
#497 = PLANE('',#498);
#498 = AXIS2_PLACEMENT_3D('',#499,#500,#501);
#499 = CARTESIAN_POINT('',(0.,5.E-02,-1.387778780781E-17));
#500 = DIRECTION('',(0.,1.,0.));
#501 = DIRECTION('',(0.,0.,1.));
#502 = ADVANCED_FACE('',(#503),#521,.T.);
#503 = FACE_BOUND('',#504,.T.);
#504 = EDGE_LOOP('',(#505,#506,#507,#515));
#505 = ORIENTED_EDGE('',*,*,#492,.T.);
#506 = ORIENTED_EDGE('',*,*,#233,.T.);
#507 = ORIENTED_EDGE('',*,*,#508,.T.);
#508 = EDGE_CURVE('',#226,#509,#511,.T.);
#509 = VERTEX_POINT('',#510);
#510 = CARTESIAN_POINT('',(1.19,0.2,-0.885));
#511 = LINE('',#512,#513);
#512 = CARTESIAN_POINT('',(1.5,0.2,-0.885));
#513 = VECTOR('',#514,1.);
#514 = DIRECTION('',(-1.,0.,0.));
#515 = ORIENTED_EDGE('',*,*,#516,.F.);
#516 = EDGE_CURVE('',#484,#509,#517,.T.);
#517 = LINE('',#518,#519);
#518 = CARTESIAN_POINT('',(1.19,-1.965094753587E-16,-0.885));
#519 = VECTOR('',#520,1.);
#520 = DIRECTION('',(0.,1.,-2.22044604925E-16));
#521 = PLANE('',#522);
#522 = AXIS2_PLACEMENT_3D('',#523,#524,#525);
#523 = CARTESIAN_POINT('',(1.5,-1.965094753587E-16,-0.885));
#524 = DIRECTION('',(0.,2.22044604925E-16,1.));
#525 = DIRECTION('',(-1.,0.,0.));
#526 = ADVANCED_FACE('',(#527),#546,.F.);
#527 = FACE_BOUND('',#528,.F.);
#528 = EDGE_LOOP('',(#529,#530,#531,#540));
#529 = ORIENTED_EDGE('',*,*,#225,.T.);
#530 = ORIENTED_EDGE('',*,*,#508,.T.);
#531 = ORIENTED_EDGE('',*,*,#532,.F.);
#532 = EDGE_CURVE('',#533,#509,#535,.T.);
#533 = VERTEX_POINT('',#534);
#534 = CARTESIAN_POINT('',(1.19,0.2,-0.615));
#535 = CIRCLE('',#536,0.135);
#536 = AXIS2_PLACEMENT_3D('',#537,#538,#539);
#537 = CARTESIAN_POINT('',(1.19,0.2,-0.75));
#538 = DIRECTION('',(0.,-1.,2.22044604925E-16));
#539 = DIRECTION('',(1.,0.,0.));
#540 = ORIENTED_EDGE('',*,*,#541,.T.);
#541 = EDGE_CURVE('',#533,#218,#542,.T.);
#542 = LINE('',#543,#544);
#543 = CARTESIAN_POINT('',(1.19,0.2,-0.615));
#544 = VECTOR('',#545,1.);
#545 = DIRECTION('',(1.,0.,0.));
#546 = PLANE('',#547);
#547 = AXIS2_PLACEMENT_3D('',#548,#549,#550);
#548 = CARTESIAN_POINT('',(1.304465925893,0.2,-0.75));
#549 = DIRECTION('',(0.,1.,0.));
#550 = DIRECTION('',(0.,0.,1.));
#551 = ADVANCED_FACE('',(#552),#563,.T.);
#552 = FACE_BOUND('',#553,.T.);
#553 = EDGE_LOOP('',(#554,#555,#561,#562));
#554 = ORIENTED_EDGE('',*,*,#475,.T.);
#555 = ORIENTED_EDGE('',*,*,#556,.T.);
#556 = EDGE_CURVE('',#476,#533,#557,.T.);
#557 = LINE('',#558,#559);
#558 = CARTESIAN_POINT('',(1.19,-1.365574320289E-16,-0.615));
#559 = VECTOR('',#560,1.);
#560 = DIRECTION('',(0.,1.,-2.22044604925E-16));
#561 = ORIENTED_EDGE('',*,*,#541,.T.);
#562 = ORIENTED_EDGE('',*,*,#217,.F.);
#563 = PLANE('',#564);
#564 = AXIS2_PLACEMENT_3D('',#565,#566,#567);
#565 = CARTESIAN_POINT('',(1.19,-1.365574320289E-16,-0.615));
#566 = DIRECTION('',(0.,-2.22044604925E-16,-1.));
#567 = DIRECTION('',(1.,0.,0.));
#568 = ADVANCED_FACE('',(#569),#587,.T.);
#569 = FACE_BOUND('',#570,.T.);
#570 = EDGE_LOOP('',(#571,#572,#573,#581));
#571 = ORIENTED_EDGE('',*,*,#468,.T.);
#572 = ORIENTED_EDGE('',*,*,#201,.T.);
#573 = ORIENTED_EDGE('',*,*,#574,.T.);
#574 = EDGE_CURVE('',#194,#575,#577,.T.);
#575 = VERTEX_POINT('',#576);
#576 = CARTESIAN_POINT('',(1.19,0.2,-0.385));
#577 = LINE('',#578,#579);
#578 = CARTESIAN_POINT('',(1.5,0.2,-0.385));
#579 = VECTOR('',#580,1.);
#580 = DIRECTION('',(-1.,0.,0.));
#581 = ORIENTED_EDGE('',*,*,#582,.F.);
#582 = EDGE_CURVE('',#460,#575,#583,.T.);
#583 = LINE('',#584,#585);
#584 = CARTESIAN_POINT('',(1.19,-1.110223024625E-16,-0.385));
#585 = VECTOR('',#586,1.);
#586 = DIRECTION('',(0.,1.,-2.22044604925E-16));
#587 = PLANE('',#588);
#588 = AXIS2_PLACEMENT_3D('',#589,#590,#591);
#589 = CARTESIAN_POINT('',(1.5,-1.110223024625E-16,-0.385));
#590 = DIRECTION('',(0.,2.22044604925E-16,1.));
#591 = DIRECTION('',(-1.,0.,0.));
#592 = ADVANCED_FACE('',(#593),#612,.F.);
#593 = FACE_BOUND('',#594,.F.);
#594 = EDGE_LOOP('',(#595,#596,#597,#606));
#595 = ORIENTED_EDGE('',*,*,#193,.T.);
#596 = ORIENTED_EDGE('',*,*,#574,.T.);
#597 = ORIENTED_EDGE('',*,*,#598,.F.);
#598 = EDGE_CURVE('',#599,#575,#601,.T.);
#599 = VERTEX_POINT('',#600);
#600 = CARTESIAN_POINT('',(1.19,0.2,-0.115));
#601 = CIRCLE('',#602,0.135);
#602 = AXIS2_PLACEMENT_3D('',#603,#604,#605);
#603 = CARTESIAN_POINT('',(1.19,0.2,-0.25));
#604 = DIRECTION('',(0.,-1.,2.22044604925E-16));
#605 = DIRECTION('',(1.,0.,0.));
#606 = ORIENTED_EDGE('',*,*,#607,.T.);
#607 = EDGE_CURVE('',#599,#186,#608,.T.);
#608 = LINE('',#609,#610);
#609 = CARTESIAN_POINT('',(1.19,0.2,-0.115));
#610 = VECTOR('',#611,1.);
#611 = DIRECTION('',(1.,0.,0.));
#612 = PLANE('',#613);
#613 = AXIS2_PLACEMENT_3D('',#614,#615,#616);
#614 = CARTESIAN_POINT('',(1.304465925893,0.2,-0.25));
#615 = DIRECTION('',(0.,1.,0.));
#616 = DIRECTION('',(0.,0.,1.));
#617 = ADVANCED_FACE('',(#618),#629,.T.);
#618 = FACE_BOUND('',#619,.T.);
#619 = EDGE_LOOP('',(#620,#621,#627,#628));
#620 = ORIENTED_EDGE('',*,*,#451,.T.);
#621 = ORIENTED_EDGE('',*,*,#622,.T.);
#622 = EDGE_CURVE('',#452,#599,#623,.T.);
#623 = LINE('',#624,#625);
#624 = CARTESIAN_POINT('',(1.19,-1.110223024625E-16,-0.115));
#625 = VECTOR('',#626,1.);
#626 = DIRECTION('',(0.,1.,-2.22044604925E-16));
#627 = ORIENTED_EDGE('',*,*,#607,.T.);
#628 = ORIENTED_EDGE('',*,*,#185,.F.);
#629 = PLANE('',#630);
#630 = AXIS2_PLACEMENT_3D('',#631,#632,#633);
#631 = CARTESIAN_POINT('',(1.19,-1.110223024625E-16,-0.115));
#632 = DIRECTION('',(0.,-2.22044604925E-16,-1.));
#633 = DIRECTION('',(1.,0.,0.));
#634 = ADVANCED_FACE('',(#635),#653,.T.);
#635 = FACE_BOUND('',#636,.T.);
#636 = EDGE_LOOP('',(#637,#638,#639,#647));
#637 = ORIENTED_EDGE('',*,*,#444,.T.);
#638 = ORIENTED_EDGE('',*,*,#169,.T.);
#639 = ORIENTED_EDGE('',*,*,#640,.T.);
#640 = EDGE_CURVE('',#162,#641,#643,.T.);
#641 = VERTEX_POINT('',#642);
#642 = CARTESIAN_POINT('',(1.19,0.2,0.115));
#643 = LINE('',#644,#645);
#644 = CARTESIAN_POINT('',(1.5,0.2,0.115));
#645 = VECTOR('',#646,1.);
#646 = DIRECTION('',(-1.,0.,0.));
#647 = ORIENTED_EDGE('',*,*,#648,.F.);
#648 = EDGE_CURVE('',#436,#641,#649,.T.);
#649 = LINE('',#650,#651);
#650 = CARTESIAN_POINT('',(1.19,0.,0.115));
#651 = VECTOR('',#652,1.);
#652 = DIRECTION('',(0.,1.,-2.22044604925E-16));
#653 = PLANE('',#654);
#654 = AXIS2_PLACEMENT_3D('',#655,#656,#657);
#655 = CARTESIAN_POINT('',(1.5,0.,0.115));
#656 = DIRECTION('',(0.,2.22044604925E-16,1.));
#657 = DIRECTION('',(-1.,0.,0.));
#658 = ADVANCED_FACE('',(#659),#678,.F.);
#659 = FACE_BOUND('',#660,.F.);
#660 = EDGE_LOOP('',(#661,#662,#663,#672));
#661 = ORIENTED_EDGE('',*,*,#161,.T.);
#662 = ORIENTED_EDGE('',*,*,#640,.T.);
#663 = ORIENTED_EDGE('',*,*,#664,.F.);
#664 = EDGE_CURVE('',#665,#641,#667,.T.);
#665 = VERTEX_POINT('',#666);
#666 = CARTESIAN_POINT('',(1.19,0.2,0.385));
#667 = CIRCLE('',#668,0.135);
#668 = AXIS2_PLACEMENT_3D('',#669,#670,#671);
#669 = CARTESIAN_POINT('',(1.19,0.2,0.25));
#670 = DIRECTION('',(0.,-1.,2.22044604925E-16));
#671 = DIRECTION('',(1.,0.,0.));
#672 = ORIENTED_EDGE('',*,*,#673,.T.);
#673 = EDGE_CURVE('',#665,#154,#674,.T.);
#674 = LINE('',#675,#676);
#675 = CARTESIAN_POINT('',(1.19,0.2,0.385));
#676 = VECTOR('',#677,1.);
#677 = DIRECTION('',(1.,0.,0.));
#678 = PLANE('',#679);
#679 = AXIS2_PLACEMENT_3D('',#680,#681,#682);
#680 = CARTESIAN_POINT('',(1.304465925893,0.2,0.25));
#681 = DIRECTION('',(0.,1.,0.));
#682 = DIRECTION('',(0.,0.,1.));
#683 = ADVANCED_FACE('',(#684),#695,.T.);
#684 = FACE_BOUND('',#685,.T.);
#685 = EDGE_LOOP('',(#686,#687,#693,#694));
#686 = ORIENTED_EDGE('',*,*,#427,.T.);
#687 = ORIENTED_EDGE('',*,*,#688,.T.);
#688 = EDGE_CURVE('',#428,#665,#689,.T.);
#689 = LINE('',#690,#691);
#690 = CARTESIAN_POINT('',(1.19,0.,0.385));
#691 = VECTOR('',#692,1.);
#692 = DIRECTION('',(0.,1.,-2.22044604925E-16));
#693 = ORIENTED_EDGE('',*,*,#673,.T.);
#694 = ORIENTED_EDGE('',*,*,#153,.F.);
#695 = PLANE('',#696);
#696 = AXIS2_PLACEMENT_3D('',#697,#698,#699);
#697 = CARTESIAN_POINT('',(1.19,0.,0.385));
#698 = DIRECTION('',(0.,-2.22044604925E-16,-1.));
#699 = DIRECTION('',(1.,0.,0.));
#700 = ADVANCED_FACE('',(#701),#719,.T.);
#701 = FACE_BOUND('',#702,.T.);
#702 = EDGE_LOOP('',(#703,#704,#705,#713));
#703 = ORIENTED_EDGE('',*,*,#420,.T.);
#704 = ORIENTED_EDGE('',*,*,#137,.T.);
#705 = ORIENTED_EDGE('',*,*,#706,.T.);
#706 = EDGE_CURVE('',#130,#707,#709,.T.);
#707 = VERTEX_POINT('',#708);
#708 = CARTESIAN_POINT('',(1.19,0.2,0.615));
#709 = LINE('',#710,#711);
#710 = CARTESIAN_POINT('',(1.5,0.2,0.615));
#711 = VECTOR('',#712,1.);
#712 = DIRECTION('',(-1.,0.,0.));
#713 = ORIENTED_EDGE('',*,*,#714,.F.);
#714 = EDGE_CURVE('',#412,#707,#715,.T.);
#715 = LINE('',#716,#717);
#716 = CARTESIAN_POINT('',(1.19,0.,0.615));
#717 = VECTOR('',#718,1.);
#718 = DIRECTION('',(0.,1.,-2.22044604925E-16));
#719 = PLANE('',#720);
#720 = AXIS2_PLACEMENT_3D('',#721,#722,#723);
#721 = CARTESIAN_POINT('',(1.5,0.,0.615));
#722 = DIRECTION('',(0.,2.22044604925E-16,1.));
#723 = DIRECTION('',(-1.,0.,0.));
#724 = ADVANCED_FACE('',(#725),#744,.F.);
#725 = FACE_BOUND('',#726,.F.);
#726 = EDGE_LOOP('',(#727,#728,#729,#738));
#727 = ORIENTED_EDGE('',*,*,#129,.T.);
#728 = ORIENTED_EDGE('',*,*,#706,.T.);
#729 = ORIENTED_EDGE('',*,*,#730,.F.);
#730 = EDGE_CURVE('',#731,#707,#733,.T.);
#731 = VERTEX_POINT('',#732);
#732 = CARTESIAN_POINT('',(1.19,0.2,0.885));
#733 = CIRCLE('',#734,0.135);
#734 = AXIS2_PLACEMENT_3D('',#735,#736,#737);
#735 = CARTESIAN_POINT('',(1.19,0.2,0.75));
#736 = DIRECTION('',(0.,-1.,2.22044604925E-16));
#737 = DIRECTION('',(1.,0.,0.));
#738 = ORIENTED_EDGE('',*,*,#739,.T.);
#739 = EDGE_CURVE('',#731,#122,#740,.T.);
#740 = LINE('',#741,#742);
#741 = CARTESIAN_POINT('',(1.19,0.2,0.885));
#742 = VECTOR('',#743,1.);
#743 = DIRECTION('',(1.,0.,0.));
#744 = PLANE('',#745);
#745 = AXIS2_PLACEMENT_3D('',#746,#747,#748);
#746 = CARTESIAN_POINT('',(1.304465925893,0.2,0.75));
#747 = DIRECTION('',(0.,1.,0.));
#748 = DIRECTION('',(0.,0.,1.));
#749 = ADVANCED_FACE('',(#750),#761,.T.);
#750 = FACE_BOUND('',#751,.T.);
#751 = EDGE_LOOP('',(#752,#753,#759,#760));
#752 = ORIENTED_EDGE('',*,*,#403,.T.);
#753 = ORIENTED_EDGE('',*,*,#754,.T.);
#754 = EDGE_CURVE('',#404,#731,#755,.T.);
#755 = LINE('',#756,#757);
#756 = CARTESIAN_POINT('',(1.19,0.,0.885));
#757 = VECTOR('',#758,1.);
#758 = DIRECTION('',(0.,1.,-2.22044604925E-16));
#759 = ORIENTED_EDGE('',*,*,#739,.T.);
#760 = ORIENTED_EDGE('',*,*,#121,.F.);
#761 = PLANE('',#762);
#762 = AXIS2_PLACEMENT_3D('',#763,#764,#765);
#763 = CARTESIAN_POINT('',(1.19,0.,0.885));
#764 = DIRECTION('',(0.,-2.22044604925E-16,-1.));
#765 = DIRECTION('',(1.,0.,0.));
#766 = ADVANCED_FACE('',(#767),#785,.T.);
#767 = FACE_BOUND('',#768,.T.);
#768 = EDGE_LOOP('',(#769,#770,#771,#779));
#769 = ORIENTED_EDGE('',*,*,#396,.F.);
#770 = ORIENTED_EDGE('',*,*,#105,.T.);
#771 = ORIENTED_EDGE('',*,*,#772,.T.);
#772 = EDGE_CURVE('',#98,#773,#775,.T.);
#773 = VERTEX_POINT('',#774);
#774 = CARTESIAN_POINT('',(-1.5,1.,1.));
#775 = LINE('',#776,#777);
#776 = CARTESIAN_POINT('',(1.5,1.,1.));
#777 = VECTOR('',#778,1.);
#778 = DIRECTION('',(-1.,0.,0.));
#779 = ORIENTED_EDGE('',*,*,#780,.F.);
#780 = EDGE_CURVE('',#389,#773,#781,.T.);
#781 = LINE('',#782,#783);
#782 = CARTESIAN_POINT('',(-1.5,2.22044604925E-16,1.));
#783 = VECTOR('',#784,1.);
#784 = DIRECTION('',(0.,1.,-2.22044604925E-16));
#785 = PLANE('',#786);
#786 = AXIS2_PLACEMENT_3D('',#787,#788,#789);
#787 = CARTESIAN_POINT('',(1.5,2.22044604925E-16,1.));
#788 = DIRECTION('',(0.,2.22044604925E-16,1.));
#789 = DIRECTION('',(-1.,0.,0.));
#790 = ADVANCED_FACE('',(#791,#809),#820,.T.);
#791 = FACE_BOUND('',#792,.T.);
#792 = EDGE_LOOP('',(#793,#794,#802,#808));
#793 = ORIENTED_EDGE('',*,*,#97,.F.);
#794 = ORIENTED_EDGE('',*,*,#795,.F.);
#795 = EDGE_CURVE('',#796,#90,#798,.T.);
#796 = VERTEX_POINT('',#797);
#797 = CARTESIAN_POINT('',(-1.5,1.,-1.));
#798 = LINE('',#799,#800);
#799 = CARTESIAN_POINT('',(-1.5,1.,-1.));
#800 = VECTOR('',#801,1.);
#801 = DIRECTION('',(1.,0.,0.));
#802 = ORIENTED_EDGE('',*,*,#803,.F.);
#803 = EDGE_CURVE('',#773,#796,#804,.T.);
#804 = LINE('',#805,#806);
#805 = CARTESIAN_POINT('',(-1.5,1.,1.));
#806 = VECTOR('',#807,1.);
#807 = DIRECTION('',(0.,-2.22044604925E-16,-1.));
#808 = ORIENTED_EDGE('',*,*,#772,.F.);
#809 = FACE_BOUND('',#810,.T.);
#810 = EDGE_LOOP('',(#811));
#811 = ORIENTED_EDGE('',*,*,#812,.F.);
#812 = EDGE_CURVE('',#813,#813,#815,.T.);
#813 = VERTEX_POINT('',#814);
#814 = CARTESIAN_POINT('',(-0.969,1.,-0.619));
#815 = CIRCLE('',#816,0.15);
#816 = AXIS2_PLACEMENT_3D('',#817,#818,#819);
#817 = CARTESIAN_POINT('',(-1.119,1.,-0.619));
#818 = DIRECTION('',(-0.,1.,2.22044604925E-16));
#819 = DIRECTION('',(1.,0.,0.));
#820 = PLANE('',#821);
#821 = AXIS2_PLACEMENT_3D('',#822,#823,#824);
#822 = CARTESIAN_POINT('',(0.,1.,-2.22044604925E-16));
#823 = DIRECTION('',(0.,1.,0.));
#824 = DIRECTION('',(0.,0.,1.));
#825 = ADVANCED_FACE('',(#826),#837,.T.);
#826 = FACE_BOUND('',#827,.T.);
#827 = EDGE_LOOP('',(#828,#829,#835,#836));
#828 = ORIENTED_EDGE('',*,*,#248,.F.);
#829 = ORIENTED_EDGE('',*,*,#830,.T.);
#830 = EDGE_CURVE('',#249,#796,#831,.T.);
#831 = LINE('',#832,#833);
#832 = CARTESIAN_POINT('',(-1.5,-2.22044604925E-16,-1.));
#833 = VECTOR('',#834,1.);
#834 = DIRECTION('',(0.,1.,-2.22044604925E-16));
#835 = ORIENTED_EDGE('',*,*,#795,.T.);
#836 = ORIENTED_EDGE('',*,*,#89,.F.);
#837 = PLANE('',#838);
#838 = AXIS2_PLACEMENT_3D('',#839,#840,#841);
#839 = CARTESIAN_POINT('',(-1.5,-2.22044604925E-16,-1.));
#840 = DIRECTION('',(0.,-2.22044604925E-16,-1.));
#841 = DIRECTION('',(1.,0.,0.));
#842 = ADVANCED_FACE('',(#843),#849,.F.);
#843 = FACE_BOUND('',#844,.F.);
#844 = EDGE_LOOP('',(#845,#846,#847,#848));
#845 = ORIENTED_EDGE('',*,*,#483,.F.);
#846 = ORIENTED_EDGE('',*,*,#556,.T.);
#847 = ORIENTED_EDGE('',*,*,#532,.T.);
#848 = ORIENTED_EDGE('',*,*,#516,.F.);
#849 = CYLINDRICAL_SURFACE('',#850,0.135);
#850 = AXIS2_PLACEMENT_3D('',#851,#852,#853);
#851 = CARTESIAN_POINT('',(1.19,-1.665334536938E-16,-0.75));
#852 = DIRECTION('',(0.,-1.,2.22044604925E-16));
#853 = DIRECTION('',(1.,0.,0.));
#854 = ADVANCED_FACE('',(#855),#861,.F.);
#855 = FACE_BOUND('',#856,.F.);
#856 = EDGE_LOOP('',(#857,#858,#859,#860));
#857 = ORIENTED_EDGE('',*,*,#459,.F.);
#858 = ORIENTED_EDGE('',*,*,#622,.T.);
#859 = ORIENTED_EDGE('',*,*,#598,.T.);
#860 = ORIENTED_EDGE('',*,*,#582,.F.);
#861 = CYLINDRICAL_SURFACE('',#862,0.135);
#862 = AXIS2_PLACEMENT_3D('',#863,#864,#865);
#863 = CARTESIAN_POINT('',(1.19,-1.110223024625E-16,-0.25));
#864 = DIRECTION('',(0.,-1.,2.22044604925E-16));
#865 = DIRECTION('',(1.,0.,0.));
#866 = ADVANCED_FACE('',(#867),#873,.F.);
#867 = FACE_BOUND('',#868,.F.);
#868 = EDGE_LOOP('',(#869,#870,#871,#872));
#869 = ORIENTED_EDGE('',*,*,#435,.F.);
#870 = ORIENTED_EDGE('',*,*,#688,.T.);
#871 = ORIENTED_EDGE('',*,*,#664,.T.);
#872 = ORIENTED_EDGE('',*,*,#648,.F.);
#873 = CYLINDRICAL_SURFACE('',#874,0.135);
#874 = AXIS2_PLACEMENT_3D('',#875,#876,#877);
#875 = CARTESIAN_POINT('',(1.19,0.,0.25));
#876 = DIRECTION('',(0.,-1.,2.22044604925E-16));
#877 = DIRECTION('',(1.,0.,0.));
#878 = ADVANCED_FACE('',(#879),#885,.F.);
#879 = FACE_BOUND('',#880,.F.);
#880 = EDGE_LOOP('',(#881,#882,#883,#884));
#881 = ORIENTED_EDGE('',*,*,#411,.F.);
#882 = ORIENTED_EDGE('',*,*,#754,.T.);
#883 = ORIENTED_EDGE('',*,*,#730,.T.);
#884 = ORIENTED_EDGE('',*,*,#714,.F.);
#885 = CYLINDRICAL_SURFACE('',#886,0.135);
#886 = AXIS2_PLACEMENT_3D('',#887,#888,#889);
#887 = CARTESIAN_POINT('',(1.19,0.,0.75));
#888 = DIRECTION('',(0.,-1.,2.22044604925E-16));
#889 = DIRECTION('',(1.,0.,0.));
#890 = ADVANCED_FACE('',(#891),#989,.T.);
#891 = FACE_BOUND('',#892,.T.);
#892 = EDGE_LOOP('',(#893,#894,#895,#896,#897,#898,#906,#914,#920,#921,
    #929,#937,#943,#944,#952,#960,#966,#967,#975,#983));
#893 = ORIENTED_EDGE('',*,*,#388,.F.);
#894 = ORIENTED_EDGE('',*,*,#780,.T.);
#895 = ORIENTED_EDGE('',*,*,#803,.T.);
#896 = ORIENTED_EDGE('',*,*,#830,.F.);
#897 = ORIENTED_EDGE('',*,*,#256,.F.);
#898 = ORIENTED_EDGE('',*,*,#899,.T.);
#899 = EDGE_CURVE('',#257,#900,#902,.T.);
#900 = VERTEX_POINT('',#901);
#901 = CARTESIAN_POINT('',(-1.5,0.2,-0.885));
#902 = LINE('',#903,#904);
#903 = CARTESIAN_POINT('',(-1.5,-1.965094753587E-16,-0.885));
#904 = VECTOR('',#905,1.);
#905 = DIRECTION('',(0.,1.,-2.22044604925E-16));
#906 = ORIENTED_EDGE('',*,*,#907,.T.);
#907 = EDGE_CURVE('',#900,#908,#910,.T.);
#908 = VERTEX_POINT('',#909);
#909 = CARTESIAN_POINT('',(-1.5,0.2,-0.615));
#910 = LINE('',#911,#912);
#911 = CARTESIAN_POINT('',(-1.5,0.2,-0.885));
#912 = VECTOR('',#913,1.);
#913 = DIRECTION('',(0.,2.22044604925E-16,1.));
#914 = ORIENTED_EDGE('',*,*,#915,.F.);
#915 = EDGE_CURVE('',#282,#908,#916,.T.);
#916 = LINE('',#917,#918);
#917 = CARTESIAN_POINT('',(-1.5,-1.365574320289E-16,-0.615));
#918 = VECTOR('',#919,1.);
#919 = DIRECTION('',(0.,1.,-2.22044604925E-16));
#920 = ORIENTED_EDGE('',*,*,#289,.F.);
#921 = ORIENTED_EDGE('',*,*,#922,.T.);
#922 = EDGE_CURVE('',#290,#923,#925,.T.);
#923 = VERTEX_POINT('',#924);
#924 = CARTESIAN_POINT('',(-1.5,0.2,-0.385));
#925 = LINE('',#926,#927);
#926 = CARTESIAN_POINT('',(-1.5,-1.110223024625E-16,-0.385));
#927 = VECTOR('',#928,1.);
#928 = DIRECTION('',(0.,1.,-2.22044604925E-16));
#929 = ORIENTED_EDGE('',*,*,#930,.T.);
#930 = EDGE_CURVE('',#923,#931,#933,.T.);
#931 = VERTEX_POINT('',#932);
#932 = CARTESIAN_POINT('',(-1.5,0.2,-0.115));
#933 = LINE('',#934,#935);
#934 = CARTESIAN_POINT('',(-1.5,0.2,-0.385));
#935 = VECTOR('',#936,1.);
#936 = DIRECTION('',(0.,2.22044604925E-16,1.));
#937 = ORIENTED_EDGE('',*,*,#938,.F.);
#938 = EDGE_CURVE('',#315,#931,#939,.T.);
#939 = LINE('',#940,#941);
#940 = CARTESIAN_POINT('',(-1.5,-1.110223024625E-16,-0.115));
#941 = VECTOR('',#942,1.);
#942 = DIRECTION('',(0.,1.,-2.22044604925E-16));
#943 = ORIENTED_EDGE('',*,*,#322,.F.);
#944 = ORIENTED_EDGE('',*,*,#945,.T.);
#945 = EDGE_CURVE('',#323,#946,#948,.T.);
#946 = VERTEX_POINT('',#947);
#947 = CARTESIAN_POINT('',(-1.5,0.2,0.115));
#948 = LINE('',#949,#950);
#949 = CARTESIAN_POINT('',(-1.5,0.,0.115));
#950 = VECTOR('',#951,1.);
#951 = DIRECTION('',(0.,1.,-2.22044604925E-16));
#952 = ORIENTED_EDGE('',*,*,#953,.T.);
#953 = EDGE_CURVE('',#946,#954,#956,.T.);
#954 = VERTEX_POINT('',#955);
#955 = CARTESIAN_POINT('',(-1.5,0.2,0.385));
#956 = LINE('',#957,#958);
#957 = CARTESIAN_POINT('',(-1.5,0.2,0.115));
#958 = VECTOR('',#959,1.);
#959 = DIRECTION('',(0.,2.22044604925E-16,1.));
#960 = ORIENTED_EDGE('',*,*,#961,.F.);
#961 = EDGE_CURVE('',#348,#954,#962,.T.);
#962 = LINE('',#963,#964);
#963 = CARTESIAN_POINT('',(-1.5,0.,0.385));
#964 = VECTOR('',#965,1.);
#965 = DIRECTION('',(0.,1.,-2.22044604925E-16));
#966 = ORIENTED_EDGE('',*,*,#355,.F.);
#967 = ORIENTED_EDGE('',*,*,#968,.T.);
#968 = EDGE_CURVE('',#356,#969,#971,.T.);
#969 = VERTEX_POINT('',#970);
#970 = CARTESIAN_POINT('',(-1.5,0.2,0.615));
#971 = LINE('',#972,#973);
#972 = CARTESIAN_POINT('',(-1.5,0.,0.615));
#973 = VECTOR('',#974,1.);
#974 = DIRECTION('',(0.,1.,-2.22044604925E-16));
#975 = ORIENTED_EDGE('',*,*,#976,.T.);
#976 = EDGE_CURVE('',#969,#977,#979,.T.);
#977 = VERTEX_POINT('',#978);
#978 = CARTESIAN_POINT('',(-1.5,0.2,0.885));
#979 = LINE('',#980,#981);
#980 = CARTESIAN_POINT('',(-1.5,0.2,0.615));
#981 = VECTOR('',#982,1.);
#982 = DIRECTION('',(0.,2.22044604925E-16,1.));
#983 = ORIENTED_EDGE('',*,*,#984,.F.);
#984 = EDGE_CURVE('',#381,#977,#985,.T.);
#985 = LINE('',#986,#987);
#986 = CARTESIAN_POINT('',(-1.5,0.,0.885));
#987 = VECTOR('',#988,1.);
#988 = DIRECTION('',(0.,1.,-2.22044604925E-16));
#989 = PLANE('',#990);
#990 = AXIS2_PLACEMENT_3D('',#991,#992,#993);
#991 = CARTESIAN_POINT('',(-1.5,2.22044604925E-16,1.));
#992 = DIRECTION('',(-1.,0.,0.));
#993 = DIRECTION('',(0.,-2.22044604925E-16,-1.));
#994 = ADVANCED_FACE('',(#995),#1013,.T.);
#995 = FACE_BOUND('',#996,.T.);
#996 = EDGE_LOOP('',(#997,#998,#999,#1007));
#997 = ORIENTED_EDGE('',*,*,#380,.T.);
#998 = ORIENTED_EDGE('',*,*,#984,.T.);
#999 = ORIENTED_EDGE('',*,*,#1000,.T.);
#1000 = EDGE_CURVE('',#977,#1001,#1003,.T.);
#1001 = VERTEX_POINT('',#1002);
#1002 = CARTESIAN_POINT('',(-1.19,0.2,0.885));
#1003 = LINE('',#1004,#1005);
#1004 = CARTESIAN_POINT('',(-1.5,0.2,0.885));
#1005 = VECTOR('',#1006,1.);
#1006 = DIRECTION('',(1.,0.,0.));
#1007 = ORIENTED_EDGE('',*,*,#1008,.F.);
#1008 = EDGE_CURVE('',#372,#1001,#1009,.T.);
#1009 = LINE('',#1010,#1011);
#1010 = CARTESIAN_POINT('',(-1.19,0.,0.885));
#1011 = VECTOR('',#1012,1.);
#1012 = DIRECTION('',(0.,1.,-2.22044604925E-16));
#1013 = PLANE('',#1014);
#1014 = AXIS2_PLACEMENT_3D('',#1015,#1016,#1017);
#1015 = CARTESIAN_POINT('',(-1.5,0.,0.885));
#1016 = DIRECTION('',(0.,-2.22044604925E-16,-1.));
#1017 = DIRECTION('',(1.,0.,0.));
#1018 = ADVANCED_FACE('',(#1019),#1038,.F.);
#1019 = FACE_BOUND('',#1020,.F.);
#1020 = EDGE_LOOP('',(#1021,#1022,#1030,#1037));
#1021 = ORIENTED_EDGE('',*,*,#371,.F.);
#1022 = ORIENTED_EDGE('',*,*,#1023,.T.);
#1023 = EDGE_CURVE('',#364,#1024,#1026,.T.);
#1024 = VERTEX_POINT('',#1025);
#1025 = CARTESIAN_POINT('',(-1.19,0.2,0.615));
#1026 = LINE('',#1027,#1028);
#1027 = CARTESIAN_POINT('',(-1.19,0.,0.615));
#1028 = VECTOR('',#1029,1.);
#1029 = DIRECTION('',(0.,1.,-2.22044604925E-16));
#1030 = ORIENTED_EDGE('',*,*,#1031,.T.);
#1031 = EDGE_CURVE('',#1024,#1001,#1032,.T.);
#1032 = CIRCLE('',#1033,0.135);
#1033 = AXIS2_PLACEMENT_3D('',#1034,#1035,#1036);
#1034 = CARTESIAN_POINT('',(-1.19,0.2,0.75));
#1035 = DIRECTION('',(0.,-1.,2.22044604925E-16));
#1036 = DIRECTION('',(1.,0.,0.));
#1037 = ORIENTED_EDGE('',*,*,#1008,.F.);
#1038 = CYLINDRICAL_SURFACE('',#1039,0.135);
#1039 = AXIS2_PLACEMENT_3D('',#1040,#1041,#1042);
#1040 = CARTESIAN_POINT('',(-1.19,0.,0.75));
#1041 = DIRECTION('',(0.,-1.,2.22044604925E-16));
#1042 = DIRECTION('',(1.,0.,0.));
#1043 = ADVANCED_FACE('',(#1044),#1055,.T.);
#1044 = FACE_BOUND('',#1045,.T.);
#1045 = EDGE_LOOP('',(#1046,#1047,#1048,#1054));
#1046 = ORIENTED_EDGE('',*,*,#363,.T.);
#1047 = ORIENTED_EDGE('',*,*,#1023,.T.);
#1048 = ORIENTED_EDGE('',*,*,#1049,.T.);
#1049 = EDGE_CURVE('',#1024,#969,#1050,.T.);
#1050 = LINE('',#1051,#1052);
#1051 = CARTESIAN_POINT('',(-1.19,0.2,0.615));
#1052 = VECTOR('',#1053,1.);
#1053 = DIRECTION('',(-1.,0.,0.));
#1054 = ORIENTED_EDGE('',*,*,#968,.F.);
#1055 = PLANE('',#1056);
#1056 = AXIS2_PLACEMENT_3D('',#1057,#1058,#1059);
#1057 = CARTESIAN_POINT('',(-1.19,0.,0.615));
#1058 = DIRECTION('',(0.,2.22044604925E-16,1.));
#1059 = DIRECTION('',(-1.,0.,0.));
#1060 = ADVANCED_FACE('',(#1061),#1079,.T.);
#1061 = FACE_BOUND('',#1062,.T.);
#1062 = EDGE_LOOP('',(#1063,#1064,#1065,#1073));
#1063 = ORIENTED_EDGE('',*,*,#347,.T.);
#1064 = ORIENTED_EDGE('',*,*,#961,.T.);
#1065 = ORIENTED_EDGE('',*,*,#1066,.T.);
#1066 = EDGE_CURVE('',#954,#1067,#1069,.T.);
#1067 = VERTEX_POINT('',#1068);
#1068 = CARTESIAN_POINT('',(-1.19,0.2,0.385));
#1069 = LINE('',#1070,#1071);
#1070 = CARTESIAN_POINT('',(-1.5,0.2,0.385));
#1071 = VECTOR('',#1072,1.);
#1072 = DIRECTION('',(1.,0.,0.));
#1073 = ORIENTED_EDGE('',*,*,#1074,.F.);
#1074 = EDGE_CURVE('',#339,#1067,#1075,.T.);
#1075 = LINE('',#1076,#1077);
#1076 = CARTESIAN_POINT('',(-1.19,0.,0.385));
#1077 = VECTOR('',#1078,1.);
#1078 = DIRECTION('',(0.,1.,-2.22044604925E-16));
#1079 = PLANE('',#1080);
#1080 = AXIS2_PLACEMENT_3D('',#1081,#1082,#1083);
#1081 = CARTESIAN_POINT('',(-1.5,0.,0.385));
#1082 = DIRECTION('',(0.,-2.22044604925E-16,-1.));
#1083 = DIRECTION('',(1.,0.,0.));
#1084 = ADVANCED_FACE('',(#1085),#1104,.F.);
#1085 = FACE_BOUND('',#1086,.F.);
#1086 = EDGE_LOOP('',(#1087,#1088,#1096,#1103));
#1087 = ORIENTED_EDGE('',*,*,#338,.F.);
#1088 = ORIENTED_EDGE('',*,*,#1089,.T.);
#1089 = EDGE_CURVE('',#331,#1090,#1092,.T.);
#1090 = VERTEX_POINT('',#1091);
#1091 = CARTESIAN_POINT('',(-1.19,0.2,0.115));
#1092 = LINE('',#1093,#1094);
#1093 = CARTESIAN_POINT('',(-1.19,0.,0.115));
#1094 = VECTOR('',#1095,1.);
#1095 = DIRECTION('',(0.,1.,-2.22044604925E-16));
#1096 = ORIENTED_EDGE('',*,*,#1097,.T.);
#1097 = EDGE_CURVE('',#1090,#1067,#1098,.T.);
#1098 = CIRCLE('',#1099,0.135);
#1099 = AXIS2_PLACEMENT_3D('',#1100,#1101,#1102);
#1100 = CARTESIAN_POINT('',(-1.19,0.2,0.25));
#1101 = DIRECTION('',(0.,-1.,2.22044604925E-16));
#1102 = DIRECTION('',(1.,0.,0.));
#1103 = ORIENTED_EDGE('',*,*,#1074,.F.);
#1104 = CYLINDRICAL_SURFACE('',#1105,0.135);
#1105 = AXIS2_PLACEMENT_3D('',#1106,#1107,#1108);
#1106 = CARTESIAN_POINT('',(-1.19,0.,0.25));
#1107 = DIRECTION('',(0.,-1.,2.22044604925E-16));
#1108 = DIRECTION('',(1.,0.,0.));
#1109 = ADVANCED_FACE('',(#1110),#1121,.T.);
#1110 = FACE_BOUND('',#1111,.T.);
#1111 = EDGE_LOOP('',(#1112,#1113,#1114,#1120));
#1112 = ORIENTED_EDGE('',*,*,#330,.T.);
#1113 = ORIENTED_EDGE('',*,*,#1089,.T.);
#1114 = ORIENTED_EDGE('',*,*,#1115,.T.);
#1115 = EDGE_CURVE('',#1090,#946,#1116,.T.);
#1116 = LINE('',#1117,#1118);
#1117 = CARTESIAN_POINT('',(-1.19,0.2,0.115));
#1118 = VECTOR('',#1119,1.);
#1119 = DIRECTION('',(-1.,0.,0.));
#1120 = ORIENTED_EDGE('',*,*,#945,.F.);
#1121 = PLANE('',#1122);
#1122 = AXIS2_PLACEMENT_3D('',#1123,#1124,#1125);
#1123 = CARTESIAN_POINT('',(-1.19,0.,0.115));
#1124 = DIRECTION('',(0.,2.22044604925E-16,1.));
#1125 = DIRECTION('',(-1.,0.,0.));
#1126 = ADVANCED_FACE('',(#1127),#1145,.T.);
#1127 = FACE_BOUND('',#1128,.T.);
#1128 = EDGE_LOOP('',(#1129,#1130,#1131,#1139));
#1129 = ORIENTED_EDGE('',*,*,#314,.T.);
#1130 = ORIENTED_EDGE('',*,*,#938,.T.);
#1131 = ORIENTED_EDGE('',*,*,#1132,.T.);
#1132 = EDGE_CURVE('',#931,#1133,#1135,.T.);
#1133 = VERTEX_POINT('',#1134);
#1134 = CARTESIAN_POINT('',(-1.19,0.2,-0.115));
#1135 = LINE('',#1136,#1137);
#1136 = CARTESIAN_POINT('',(-1.5,0.2,-0.115));
#1137 = VECTOR('',#1138,1.);
#1138 = DIRECTION('',(1.,0.,0.));
#1139 = ORIENTED_EDGE('',*,*,#1140,.F.);
#1140 = EDGE_CURVE('',#306,#1133,#1141,.T.);
#1141 = LINE('',#1142,#1143);
#1142 = CARTESIAN_POINT('',(-1.19,-1.110223024625E-16,-0.115));
#1143 = VECTOR('',#1144,1.);
#1144 = DIRECTION('',(0.,1.,-2.22044604925E-16));
#1145 = PLANE('',#1146);
#1146 = AXIS2_PLACEMENT_3D('',#1147,#1148,#1149);
#1147 = CARTESIAN_POINT('',(-1.5,-1.110223024625E-16,-0.115));
#1148 = DIRECTION('',(0.,-2.22044604925E-16,-1.));
#1149 = DIRECTION('',(1.,0.,0.));
#1150 = ADVANCED_FACE('',(#1151),#1170,.F.);
#1151 = FACE_BOUND('',#1152,.F.);
#1152 = EDGE_LOOP('',(#1153,#1154,#1162,#1169));
#1153 = ORIENTED_EDGE('',*,*,#305,.F.);
#1154 = ORIENTED_EDGE('',*,*,#1155,.T.);
#1155 = EDGE_CURVE('',#298,#1156,#1158,.T.);
#1156 = VERTEX_POINT('',#1157);
#1157 = CARTESIAN_POINT('',(-1.19,0.2,-0.385));
#1158 = LINE('',#1159,#1160);
#1159 = CARTESIAN_POINT('',(-1.19,-1.110223024625E-16,-0.385));
#1160 = VECTOR('',#1161,1.);
#1161 = DIRECTION('',(0.,1.,-2.22044604925E-16));
#1162 = ORIENTED_EDGE('',*,*,#1163,.T.);
#1163 = EDGE_CURVE('',#1156,#1133,#1164,.T.);
#1164 = CIRCLE('',#1165,0.135);
#1165 = AXIS2_PLACEMENT_3D('',#1166,#1167,#1168);
#1166 = CARTESIAN_POINT('',(-1.19,0.2,-0.25));
#1167 = DIRECTION('',(0.,-1.,2.22044604925E-16));
#1168 = DIRECTION('',(1.,0.,0.));
#1169 = ORIENTED_EDGE('',*,*,#1140,.F.);
#1170 = CYLINDRICAL_SURFACE('',#1171,0.135);
#1171 = AXIS2_PLACEMENT_3D('',#1172,#1173,#1174);
#1172 = CARTESIAN_POINT('',(-1.19,-1.110223024625E-16,-0.25));
#1173 = DIRECTION('',(0.,-1.,2.22044604925E-16));
#1174 = DIRECTION('',(1.,0.,0.));
#1175 = ADVANCED_FACE('',(#1176),#1187,.T.);
#1176 = FACE_BOUND('',#1177,.T.);
#1177 = EDGE_LOOP('',(#1178,#1179,#1180,#1186));
#1178 = ORIENTED_EDGE('',*,*,#297,.T.);
#1179 = ORIENTED_EDGE('',*,*,#1155,.T.);
#1180 = ORIENTED_EDGE('',*,*,#1181,.T.);
#1181 = EDGE_CURVE('',#1156,#923,#1182,.T.);
#1182 = LINE('',#1183,#1184);
#1183 = CARTESIAN_POINT('',(-1.19,0.2,-0.385));
#1184 = VECTOR('',#1185,1.);
#1185 = DIRECTION('',(-1.,0.,0.));
#1186 = ORIENTED_EDGE('',*,*,#922,.F.);
#1187 = PLANE('',#1188);
#1188 = AXIS2_PLACEMENT_3D('',#1189,#1190,#1191);
#1189 = CARTESIAN_POINT('',(-1.19,-1.110223024625E-16,-0.385));
#1190 = DIRECTION('',(0.,2.22044604925E-16,1.));
#1191 = DIRECTION('',(-1.,0.,0.));
#1192 = ADVANCED_FACE('',(#1193),#1211,.T.);
#1193 = FACE_BOUND('',#1194,.T.);
#1194 = EDGE_LOOP('',(#1195,#1196,#1197,#1205));
#1195 = ORIENTED_EDGE('',*,*,#281,.T.);
#1196 = ORIENTED_EDGE('',*,*,#915,.T.);
#1197 = ORIENTED_EDGE('',*,*,#1198,.T.);
#1198 = EDGE_CURVE('',#908,#1199,#1201,.T.);
#1199 = VERTEX_POINT('',#1200);
#1200 = CARTESIAN_POINT('',(-1.19,0.2,-0.615));
#1201 = LINE('',#1202,#1203);
#1202 = CARTESIAN_POINT('',(-1.5,0.2,-0.615));
#1203 = VECTOR('',#1204,1.);
#1204 = DIRECTION('',(1.,0.,0.));
#1205 = ORIENTED_EDGE('',*,*,#1206,.F.);
#1206 = EDGE_CURVE('',#273,#1199,#1207,.T.);
#1207 = LINE('',#1208,#1209);
#1208 = CARTESIAN_POINT('',(-1.19,-1.365574320289E-16,-0.615));
#1209 = VECTOR('',#1210,1.);
#1210 = DIRECTION('',(0.,1.,-2.22044604925E-16));
#1211 = PLANE('',#1212);
#1212 = AXIS2_PLACEMENT_3D('',#1213,#1214,#1215);
#1213 = CARTESIAN_POINT('',(-1.5,-1.365574320289E-16,-0.615));
#1214 = DIRECTION('',(0.,-2.22044604925E-16,-1.));
#1215 = DIRECTION('',(1.,0.,0.));
#1216 = ADVANCED_FACE('',(#1217),#1236,.F.);
#1217 = FACE_BOUND('',#1218,.F.);
#1218 = EDGE_LOOP('',(#1219,#1220,#1228,#1235));
#1219 = ORIENTED_EDGE('',*,*,#272,.F.);
#1220 = ORIENTED_EDGE('',*,*,#1221,.T.);
#1221 = EDGE_CURVE('',#265,#1222,#1224,.T.);
#1222 = VERTEX_POINT('',#1223);
#1223 = CARTESIAN_POINT('',(-1.19,0.2,-0.885));
#1224 = LINE('',#1225,#1226);
#1225 = CARTESIAN_POINT('',(-1.19,-1.965094753587E-16,-0.885));
#1226 = VECTOR('',#1227,1.);
#1227 = DIRECTION('',(0.,1.,-2.22044604925E-16));
#1228 = ORIENTED_EDGE('',*,*,#1229,.T.);
#1229 = EDGE_CURVE('',#1222,#1199,#1230,.T.);
#1230 = CIRCLE('',#1231,0.135);
#1231 = AXIS2_PLACEMENT_3D('',#1232,#1233,#1234);
#1232 = CARTESIAN_POINT('',(-1.19,0.2,-0.75));
#1233 = DIRECTION('',(0.,-1.,2.22044604925E-16));
#1234 = DIRECTION('',(1.,0.,0.));
#1235 = ORIENTED_EDGE('',*,*,#1206,.F.);
#1236 = CYLINDRICAL_SURFACE('',#1237,0.135);
#1237 = AXIS2_PLACEMENT_3D('',#1238,#1239,#1240);
#1238 = CARTESIAN_POINT('',(-1.19,-1.665334536938E-16,-0.75));
#1239 = DIRECTION('',(0.,-1.,2.22044604925E-16));
#1240 = DIRECTION('',(1.,0.,0.));
#1241 = ADVANCED_FACE('',(#1242),#1253,.T.);
#1242 = FACE_BOUND('',#1243,.T.);
#1243 = EDGE_LOOP('',(#1244,#1245,#1246,#1252));
#1244 = ORIENTED_EDGE('',*,*,#264,.T.);
#1245 = ORIENTED_EDGE('',*,*,#1221,.T.);
#1246 = ORIENTED_EDGE('',*,*,#1247,.T.);
#1247 = EDGE_CURVE('',#1222,#900,#1248,.T.);
#1248 = LINE('',#1249,#1250);
#1249 = CARTESIAN_POINT('',(-1.19,0.2,-0.885));
#1250 = VECTOR('',#1251,1.);
#1251 = DIRECTION('',(-1.,0.,0.));
#1252 = ORIENTED_EDGE('',*,*,#899,.F.);
#1253 = PLANE('',#1254);
#1254 = AXIS2_PLACEMENT_3D('',#1255,#1256,#1257);
#1255 = CARTESIAN_POINT('',(-1.19,-1.965094753587E-16,-0.885));
#1256 = DIRECTION('',(0.,2.22044604925E-16,1.));
#1257 = DIRECTION('',(-1.,0.,0.));
#1258 = ADVANCED_FACE('',(#1259),#1278,.F.);
#1259 = FACE_BOUND('',#1260,.F.);
#1260 = EDGE_LOOP('',(#1261,#1269,#1276,#1277));
#1261 = ORIENTED_EDGE('',*,*,#1262,.T.);
#1262 = EDGE_CURVE('',#813,#1263,#1265,.T.);
#1263 = VERTEX_POINT('',#1264);
#1264 = CARTESIAN_POINT('',(-0.969,0.746,-0.619));
#1265 = LINE('',#1266,#1267);
#1266 = CARTESIAN_POINT('',(-0.969,1.,-0.619));
#1267 = VECTOR('',#1268,1.);
#1268 = DIRECTION('',(0.,-1.,-2.22044604925E-16));
#1269 = ORIENTED_EDGE('',*,*,#1270,.T.);
#1270 = EDGE_CURVE('',#1263,#1263,#1271,.T.);
#1271 = CIRCLE('',#1272,0.15);
#1272 = AXIS2_PLACEMENT_3D('',#1273,#1274,#1275);
#1273 = CARTESIAN_POINT('',(-1.119,0.746,-0.619));
#1274 = DIRECTION('',(-0.,1.,2.22044604925E-16));
#1275 = DIRECTION('',(1.,0.,0.));
#1276 = ORIENTED_EDGE('',*,*,#1262,.F.);
#1277 = ORIENTED_EDGE('',*,*,#812,.F.);
#1278 = CYLINDRICAL_SURFACE('',#1279,0.15);
#1279 = AXIS2_PLACEMENT_3D('',#1280,#1281,#1282);
#1280 = CARTESIAN_POINT('',(-1.119,1.,-0.619));
#1281 = DIRECTION('',(0.,1.,2.22044604925E-16));
#1282 = DIRECTION('',(1.,0.,0.));
#1283 = ADVANCED_FACE('',(#1284),#1290,.F.);
#1284 = FACE_BOUND('',#1285,.F.);
#1285 = EDGE_LOOP('',(#1286,#1287,#1288,#1289));
#1286 = ORIENTED_EDGE('',*,*,#976,.T.);
#1287 = ORIENTED_EDGE('',*,*,#1000,.T.);
#1288 = ORIENTED_EDGE('',*,*,#1031,.F.);
#1289 = ORIENTED_EDGE('',*,*,#1049,.T.);
#1290 = PLANE('',#1291);
#1291 = AXIS2_PLACEMENT_3D('',#1292,#1293,#1294);
#1292 = CARTESIAN_POINT('',(-1.304465925893,0.2,0.75));
#1293 = DIRECTION('',(0.,1.,0.));
#1294 = DIRECTION('',(0.,0.,1.));
#1295 = ADVANCED_FACE('',(#1296),#1302,.F.);
#1296 = FACE_BOUND('',#1297,.F.);
#1297 = EDGE_LOOP('',(#1298,#1299,#1300,#1301));
#1298 = ORIENTED_EDGE('',*,*,#953,.T.);
#1299 = ORIENTED_EDGE('',*,*,#1066,.T.);
#1300 = ORIENTED_EDGE('',*,*,#1097,.F.);
#1301 = ORIENTED_EDGE('',*,*,#1115,.T.);
#1302 = PLANE('',#1303);
#1303 = AXIS2_PLACEMENT_3D('',#1304,#1305,#1306);
#1304 = CARTESIAN_POINT('',(-1.304465925893,0.2,0.25));
#1305 = DIRECTION('',(0.,1.,0.));
#1306 = DIRECTION('',(0.,0.,1.));
#1307 = ADVANCED_FACE('',(#1308),#1314,.F.);
#1308 = FACE_BOUND('',#1309,.F.);
#1309 = EDGE_LOOP('',(#1310,#1311,#1312,#1313));
#1310 = ORIENTED_EDGE('',*,*,#930,.T.);
#1311 = ORIENTED_EDGE('',*,*,#1132,.T.);
#1312 = ORIENTED_EDGE('',*,*,#1163,.F.);
#1313 = ORIENTED_EDGE('',*,*,#1181,.T.);
#1314 = PLANE('',#1315);
#1315 = AXIS2_PLACEMENT_3D('',#1316,#1317,#1318);
#1316 = CARTESIAN_POINT('',(-1.304465925893,0.2,-0.25));
#1317 = DIRECTION('',(0.,1.,0.));
#1318 = DIRECTION('',(0.,0.,1.));
#1319 = ADVANCED_FACE('',(#1320),#1326,.F.);
#1320 = FACE_BOUND('',#1321,.F.);
#1321 = EDGE_LOOP('',(#1322,#1323,#1324,#1325));
#1322 = ORIENTED_EDGE('',*,*,#907,.T.);
#1323 = ORIENTED_EDGE('',*,*,#1198,.T.);
#1324 = ORIENTED_EDGE('',*,*,#1229,.F.);
#1325 = ORIENTED_EDGE('',*,*,#1247,.T.);
#1326 = PLANE('',#1327);
#1327 = AXIS2_PLACEMENT_3D('',#1328,#1329,#1330);
#1328 = CARTESIAN_POINT('',(-1.304465925893,0.2,-0.75));
#1329 = DIRECTION('',(0.,1.,0.));
#1330 = DIRECTION('',(0.,0.,1.));
#1331 = ADVANCED_FACE('',(#1332),#1335,.T.);
#1332 = FACE_BOUND('',#1333,.T.);
#1333 = EDGE_LOOP('',(#1334));
#1334 = ORIENTED_EDGE('',*,*,#1270,.T.);
#1335 = PLANE('',#1336);
#1336 = AXIS2_PLACEMENT_3D('',#1337,#1338,#1339);
#1337 = CARTESIAN_POINT('',(-1.119,0.746,-0.619));
#1338 = DIRECTION('',(-4.93432455389E-16,1.,8.546500828371E-16));
#1339 = DIRECTION('',(0.,-8.546500828371E-16,1.));
#1340 = ( GEOMETRIC_REPRESENTATION_CONTEXT(3) 
GLOBAL_UNCERTAINTY_ASSIGNED_CONTEXT((#1344)) 
GLOBAL_UNIT_ASSIGNED_CONTEXT((#1341,#1342,#1343)) REPRESENTATION_CONTEXT
('Context #1','3D Context with UNIT and UNCERTAINTY') );
#1341 = ( LENGTH_UNIT() NAMED_UNIT(*) SI_UNIT(.MILLI.,.METRE.) );
#1342 = ( NAMED_UNIT(*) PLANE_ANGLE_UNIT() SI_UNIT($,.RADIAN.) );
#1343 = ( NAMED_UNIT(*) SI_UNIT($,.STERADIAN.) SOLID_ANGLE_UNIT() );
#1344 = UNCERTAINTY_MEASURE_WITH_UNIT(LENGTH_MEASURE(1.E-06),#1341,
  'distance_accuracy_value','confusion accuracy');
#1345 = CONTEXT_DEPENDENT_SHAPE_REPRESENTATION(#1346,#1348);
#1346 = ( REPRESENTATION_RELATIONSHIP('','',#72,#10) 
REPRESENTATION_RELATIONSHIP_WITH_TRANSFORMATION(#1347) 
SHAPE_REPRESENTATION_RELATIONSHIP() );
#1347 = ITEM_DEFINED_TRANSFORMATION('','',#11,#15);
#1348 = PRODUCT_DEFINITION_SHAPE('Placement','Placement of an item',
  #1349);
#1349 = NEXT_ASSEMBLY_USAGE_OCCURRENCE('2183','Body_Solid1','',#5,#67,$
  );
#1350 = PRODUCT_RELATED_PRODUCT_CATEGORY('part',$,(#69));
#1351 = SHAPE_DEFINITION_REPRESENTATION(#1352,#1358);
#1352 = PRODUCT_DEFINITION_SHAPE('','',#1353);
#1353 = PRODUCT_DEFINITION('design','',#1354,#1357);
#1354 = PRODUCT_DEFINITION_FORMATION('','',#1355);
#1355 = PRODUCT('Body002_Solid1','Body002_Solid1','',(#1356));
#1356 = PRODUCT_CONTEXT('',#2,'mechanical');
#1357 = PRODUCT_DEFINITION_CONTEXT('part definition',#2,'design');
#1358 = ADVANCED_BREP_SHAPE_REPRESENTATION('',(#11,#1359),#1511);
#1359 = MANIFOLD_SOLID_BREP('',#1360);
#1360 = CLOSED_SHELL('',(#1361,#1401,#1432,#1465,#1487,#1499));
#1361 = ADVANCED_FACE('',(#1362),#1396,.F.);
#1362 = FACE_BOUND('',#1363,.F.);
#1363 = EDGE_LOOP('',(#1364,#1374,#1382,#1390));
#1364 = ORIENTED_EDGE('',*,*,#1365,.T.);
#1365 = EDGE_CURVE('',#1366,#1368,#1370,.T.);
#1366 = VERTEX_POINT('',#1367);
#1367 = CARTESIAN_POINT('',(1.5,1.965094753587E-16,0.885));
#1368 = VERTEX_POINT('',#1369);
#1369 = CARTESIAN_POINT('',(1.5,0.2,0.885));
#1370 = LINE('',#1371,#1372);
#1371 = CARTESIAN_POINT('',(1.5,1.965094753587E-16,0.885));
#1372 = VECTOR('',#1373,1.);
#1373 = DIRECTION('',(-0.,1.,-2.22044604925E-16));
#1374 = ORIENTED_EDGE('',*,*,#1375,.T.);
#1375 = EDGE_CURVE('',#1368,#1376,#1378,.T.);
#1376 = VERTEX_POINT('',#1377);
#1377 = CARTESIAN_POINT('',(1.5,0.2,0.615));
#1378 = LINE('',#1379,#1380);
#1379 = CARTESIAN_POINT('',(1.5,0.2,0.885));
#1380 = VECTOR('',#1381,1.);
#1381 = DIRECTION('',(0.,-2.22044604925E-16,-1.));
#1382 = ORIENTED_EDGE('',*,*,#1383,.F.);
#1383 = EDGE_CURVE('',#1384,#1376,#1386,.T.);
#1384 = VERTEX_POINT('',#1385);
#1385 = CARTESIAN_POINT('',(1.5,1.365574320289E-16,0.615));
#1386 = LINE('',#1387,#1388);
#1387 = CARTESIAN_POINT('',(1.5,1.365574320289E-16,0.615));
#1388 = VECTOR('',#1389,1.);
#1389 = DIRECTION('',(-0.,1.,-2.22044604925E-16));
#1390 = ORIENTED_EDGE('',*,*,#1391,.F.);
#1391 = EDGE_CURVE('',#1366,#1384,#1392,.T.);
#1392 = LINE('',#1393,#1394);
#1393 = CARTESIAN_POINT('',(1.5,1.965094753587E-16,0.885));
#1394 = VECTOR('',#1395,1.);
#1395 = DIRECTION('',(0.,-2.22044604925E-16,-1.));
#1396 = PLANE('',#1397);
#1397 = AXIS2_PLACEMENT_3D('',#1398,#1399,#1400);
#1398 = CARTESIAN_POINT('',(1.5,1.965094753587E-16,0.885));
#1399 = DIRECTION('',(-1.,-0.,0.));
#1400 = DIRECTION('',(0.,-2.22044604925E-16,-1.));
#1401 = ADVANCED_FACE('',(#1402),#1427,.F.);
#1402 = FACE_BOUND('',#1403,.F.);
#1403 = EDGE_LOOP('',(#1404,#1405,#1413,#1421));
#1404 = ORIENTED_EDGE('',*,*,#1383,.T.);
#1405 = ORIENTED_EDGE('',*,*,#1406,.T.);
#1406 = EDGE_CURVE('',#1376,#1407,#1409,.T.);
#1407 = VERTEX_POINT('',#1408);
#1408 = CARTESIAN_POINT('',(1.19,0.2,0.615));
#1409 = LINE('',#1410,#1411);
#1410 = CARTESIAN_POINT('',(1.5,0.2,0.615));
#1411 = VECTOR('',#1412,1.);
#1412 = DIRECTION('',(-1.,0.,0.));
#1413 = ORIENTED_EDGE('',*,*,#1414,.F.);
#1414 = EDGE_CURVE('',#1415,#1407,#1417,.T.);
#1415 = VERTEX_POINT('',#1416);
#1416 = CARTESIAN_POINT('',(1.19,1.365574320289E-16,0.615));
#1417 = LINE('',#1418,#1419);
#1418 = CARTESIAN_POINT('',(1.19,1.365574320289E-16,0.615));
#1419 = VECTOR('',#1420,1.);
#1420 = DIRECTION('',(-0.,1.,-2.22044604925E-16));
#1421 = ORIENTED_EDGE('',*,*,#1422,.F.);
#1422 = EDGE_CURVE('',#1384,#1415,#1423,.T.);
#1423 = LINE('',#1424,#1425);
#1424 = CARTESIAN_POINT('',(1.5,1.365574320289E-16,0.615));
#1425 = VECTOR('',#1426,1.);
#1426 = DIRECTION('',(-1.,0.,0.));
#1427 = PLANE('',#1428);
#1428 = AXIS2_PLACEMENT_3D('',#1429,#1430,#1431);
#1429 = CARTESIAN_POINT('',(1.5,1.365574320289E-16,0.615));
#1430 = DIRECTION('',(0.,2.22044604925E-16,1.));
#1431 = DIRECTION('',(-1.,-0.,0.));
#1432 = ADVANCED_FACE('',(#1433),#1460,.T.);
#1433 = FACE_BOUND('',#1434,.T.);
#1434 = EDGE_LOOP('',(#1435,#1445,#1452,#1453));
#1435 = ORIENTED_EDGE('',*,*,#1436,.T.);
#1436 = EDGE_CURVE('',#1437,#1439,#1441,.T.);
#1437 = VERTEX_POINT('',#1438);
#1438 = CARTESIAN_POINT('',(1.19,1.965094753587E-16,0.885));
#1439 = VERTEX_POINT('',#1440);
#1440 = CARTESIAN_POINT('',(1.19,0.2,0.885));
#1441 = LINE('',#1442,#1443);
#1442 = CARTESIAN_POINT('',(1.19,1.965094753587E-16,0.885));
#1443 = VECTOR('',#1444,1.);
#1444 = DIRECTION('',(-0.,1.,-2.22044604925E-16));
#1445 = ORIENTED_EDGE('',*,*,#1446,.T.);
#1446 = EDGE_CURVE('',#1439,#1407,#1447,.T.);
#1447 = CIRCLE('',#1448,0.135);
#1448 = AXIS2_PLACEMENT_3D('',#1449,#1450,#1451);
#1449 = CARTESIAN_POINT('',(1.19,0.2,0.75));
#1450 = DIRECTION('',(0.,-1.,2.22044604925E-16));
#1451 = DIRECTION('',(1.,0.,0.));
#1452 = ORIENTED_EDGE('',*,*,#1414,.F.);
#1453 = ORIENTED_EDGE('',*,*,#1454,.F.);
#1454 = EDGE_CURVE('',#1437,#1415,#1455,.T.);
#1455 = CIRCLE('',#1456,0.135);
#1456 = AXIS2_PLACEMENT_3D('',#1457,#1458,#1459);
#1457 = CARTESIAN_POINT('',(1.19,1.665334536938E-16,0.75));
#1458 = DIRECTION('',(0.,-1.,2.22044604925E-16));
#1459 = DIRECTION('',(1.,0.,0.));
#1460 = CYLINDRICAL_SURFACE('',#1461,0.135);
#1461 = AXIS2_PLACEMENT_3D('',#1462,#1463,#1464);
#1462 = CARTESIAN_POINT('',(1.19,1.665334536938E-16,0.75));
#1463 = DIRECTION('',(0.,-1.,2.22044604925E-16));
#1464 = DIRECTION('',(1.,0.,0.));
#1465 = ADVANCED_FACE('',(#1466),#1482,.F.);
#1466 = FACE_BOUND('',#1467,.F.);
#1467 = EDGE_LOOP('',(#1468,#1469,#1475,#1476));
#1468 = ORIENTED_EDGE('',*,*,#1436,.T.);
#1469 = ORIENTED_EDGE('',*,*,#1470,.T.);
#1470 = EDGE_CURVE('',#1439,#1368,#1471,.T.);
#1471 = LINE('',#1472,#1473);
#1472 = CARTESIAN_POINT('',(1.19,0.2,0.885));
#1473 = VECTOR('',#1474,1.);
#1474 = DIRECTION('',(1.,0.,0.));
#1475 = ORIENTED_EDGE('',*,*,#1365,.F.);
#1476 = ORIENTED_EDGE('',*,*,#1477,.F.);
#1477 = EDGE_CURVE('',#1437,#1366,#1478,.T.);
#1478 = LINE('',#1479,#1480);
#1479 = CARTESIAN_POINT('',(1.19,1.965094753587E-16,0.885));
#1480 = VECTOR('',#1481,1.);
#1481 = DIRECTION('',(1.,0.,0.));
#1482 = PLANE('',#1483);
#1483 = AXIS2_PLACEMENT_3D('',#1484,#1485,#1486);
#1484 = CARTESIAN_POINT('',(1.19,1.965094753587E-16,0.885));
#1485 = DIRECTION('',(0.,-2.22044604925E-16,-1.));
#1486 = DIRECTION('',(1.,0.,0.));
#1487 = ADVANCED_FACE('',(#1488),#1494,.F.);
#1488 = FACE_BOUND('',#1489,.F.);
#1489 = EDGE_LOOP('',(#1490,#1491,#1492,#1493));
#1490 = ORIENTED_EDGE('',*,*,#1391,.T.);
#1491 = ORIENTED_EDGE('',*,*,#1422,.T.);
#1492 = ORIENTED_EDGE('',*,*,#1454,.F.);
#1493 = ORIENTED_EDGE('',*,*,#1477,.T.);
#1494 = PLANE('',#1495);
#1495 = AXIS2_PLACEMENT_3D('',#1496,#1497,#1498);
#1496 = CARTESIAN_POINT('',(1.304465925893,1.665334536938E-16,0.75));
#1497 = DIRECTION('',(0.,1.,0.));
#1498 = DIRECTION('',(0.,0.,1.));
#1499 = ADVANCED_FACE('',(#1500),#1506,.T.);
#1500 = FACE_BOUND('',#1501,.T.);
#1501 = EDGE_LOOP('',(#1502,#1503,#1504,#1505));
#1502 = ORIENTED_EDGE('',*,*,#1375,.T.);
#1503 = ORIENTED_EDGE('',*,*,#1406,.T.);
#1504 = ORIENTED_EDGE('',*,*,#1446,.F.);
#1505 = ORIENTED_EDGE('',*,*,#1470,.T.);
#1506 = PLANE('',#1507);
#1507 = AXIS2_PLACEMENT_3D('',#1508,#1509,#1510);
#1508 = CARTESIAN_POINT('',(1.304465925893,0.2,0.75));
#1509 = DIRECTION('',(0.,1.,0.));
#1510 = DIRECTION('',(0.,0.,1.));
#1511 = ( GEOMETRIC_REPRESENTATION_CONTEXT(3) 
GLOBAL_UNCERTAINTY_ASSIGNED_CONTEXT((#1515)) 
GLOBAL_UNIT_ASSIGNED_CONTEXT((#1512,#1513,#1514)) REPRESENTATION_CONTEXT
('Context #1','3D Context with UNIT and UNCERTAINTY') );
#1512 = ( LENGTH_UNIT() NAMED_UNIT(*) SI_UNIT(.MILLI.,.METRE.) );
#1513 = ( NAMED_UNIT(*) PLANE_ANGLE_UNIT() SI_UNIT($,.RADIAN.) );
#1514 = ( NAMED_UNIT(*) SI_UNIT($,.STERADIAN.) SOLID_ANGLE_UNIT() );
#1515 = UNCERTAINTY_MEASURE_WITH_UNIT(LENGTH_MEASURE(1.E-07),#1512,
  'distance_accuracy_value','confusion accuracy');
#1516 = CONTEXT_DEPENDENT_SHAPE_REPRESENTATION(#1517,#1519);
#1517 = ( REPRESENTATION_RELATIONSHIP('','',#1358,#10) 
REPRESENTATION_RELATIONSHIP_WITH_TRANSFORMATION(#1518) 
SHAPE_REPRESENTATION_RELATIONSHIP() );
#1518 = ITEM_DEFINED_TRANSFORMATION('','',#11,#19);
#1519 = PRODUCT_DEFINITION_SHAPE('Placement','Placement of an item',
  #1520);
#1520 = NEXT_ASSEMBLY_USAGE_OCCURRENCE('2184','Body002_Solid1','',#5,
  #1353,$);
#1521 = PRODUCT_RELATED_PRODUCT_CATEGORY('part',$,(#1355));
#1522 = SHAPE_DEFINITION_REPRESENTATION(#1523,#1529);
#1523 = PRODUCT_DEFINITION_SHAPE('','',#1524);
#1524 = PRODUCT_DEFINITION('design','',#1525,#1528);
#1525 = PRODUCT_DEFINITION_FORMATION('','',#1526);
#1526 = PRODUCT('Array002_Solid1','Array002_Solid1','',(#1527));
#1527 = PRODUCT_CONTEXT('',#2,'mechanical');
#1528 = PRODUCT_DEFINITION_CONTEXT('part definition',#2,'design');
#1529 = ADVANCED_BREP_SHAPE_REPRESENTATION('',(#11,#1530),#1682);
#1530 = MANIFOLD_SOLID_BREP('',#1531);
#1531 = CLOSED_SHELL('',(#1532,#1572,#1603,#1636,#1658,#1670));
#1532 = ADVANCED_FACE('',(#1533),#1567,.F.);
#1533 = FACE_BOUND('',#1534,.T.);
#1534 = EDGE_LOOP('',(#1535,#1545,#1553,#1561));
#1535 = ORIENTED_EDGE('',*,*,#1536,.T.);
#1536 = EDGE_CURVE('',#1537,#1539,#1541,.T.);
#1537 = VERTEX_POINT('',#1538);
#1538 = CARTESIAN_POINT('',(-1.5,1.965094753587E-16,0.885));
#1539 = VERTEX_POINT('',#1540);
#1540 = CARTESIAN_POINT('',(-1.5,0.2,0.885));
#1541 = LINE('',#1542,#1543);
#1542 = CARTESIAN_POINT('',(-1.5,1.965094753587E-16,0.885));
#1543 = VECTOR('',#1544,1.);
#1544 = DIRECTION('',(-0.,1.,-2.22044604925E-16));
#1545 = ORIENTED_EDGE('',*,*,#1546,.T.);
#1546 = EDGE_CURVE('',#1539,#1547,#1549,.T.);
#1547 = VERTEX_POINT('',#1548);
#1548 = CARTESIAN_POINT('',(-1.5,0.2,0.615));
#1549 = LINE('',#1550,#1551);
#1550 = CARTESIAN_POINT('',(-1.5,0.2,0.885));
#1551 = VECTOR('',#1552,1.);
#1552 = DIRECTION('',(0.,-2.22044604925E-16,-1.));
#1553 = ORIENTED_EDGE('',*,*,#1554,.F.);
#1554 = EDGE_CURVE('',#1555,#1547,#1557,.T.);
#1555 = VERTEX_POINT('',#1556);
#1556 = CARTESIAN_POINT('',(-1.5,1.365574320289E-16,0.615));
#1557 = LINE('',#1558,#1559);
#1558 = CARTESIAN_POINT('',(-1.5,1.365574320289E-16,0.615));
#1559 = VECTOR('',#1560,1.);
#1560 = DIRECTION('',(-0.,1.,-2.22044604925E-16));
#1561 = ORIENTED_EDGE('',*,*,#1562,.F.);
#1562 = EDGE_CURVE('',#1537,#1555,#1563,.T.);
#1563 = LINE('',#1564,#1565);
#1564 = CARTESIAN_POINT('',(-1.5,1.965094753587E-16,0.885));
#1565 = VECTOR('',#1566,1.);
#1566 = DIRECTION('',(0.,-2.22044604925E-16,-1.));
#1567 = PLANE('',#1568);
#1568 = AXIS2_PLACEMENT_3D('',#1569,#1570,#1571);
#1569 = CARTESIAN_POINT('',(-1.5,1.965094753587E-16,0.885));
#1570 = DIRECTION('',(1.,-0.,0.));
#1571 = DIRECTION('',(0.,2.22044604925E-16,1.));
#1572 = ADVANCED_FACE('',(#1573),#1598,.F.);
#1573 = FACE_BOUND('',#1574,.T.);
#1574 = EDGE_LOOP('',(#1575,#1576,#1584,#1592));
#1575 = ORIENTED_EDGE('',*,*,#1554,.T.);
#1576 = ORIENTED_EDGE('',*,*,#1577,.T.);
#1577 = EDGE_CURVE('',#1547,#1578,#1580,.T.);
#1578 = VERTEX_POINT('',#1579);
#1579 = CARTESIAN_POINT('',(-1.19,0.2,0.615));
#1580 = LINE('',#1581,#1582);
#1581 = CARTESIAN_POINT('',(-1.5,0.2,0.615));
#1582 = VECTOR('',#1583,1.);
#1583 = DIRECTION('',(1.,0.,0.));
#1584 = ORIENTED_EDGE('',*,*,#1585,.F.);
#1585 = EDGE_CURVE('',#1586,#1578,#1588,.T.);
#1586 = VERTEX_POINT('',#1587);
#1587 = CARTESIAN_POINT('',(-1.19,1.365574320289E-16,0.615));
#1588 = LINE('',#1589,#1590);
#1589 = CARTESIAN_POINT('',(-1.19,1.365574320289E-16,0.615));
#1590 = VECTOR('',#1591,1.);
#1591 = DIRECTION('',(-0.,1.,-2.22044604925E-16));
#1592 = ORIENTED_EDGE('',*,*,#1593,.F.);
#1593 = EDGE_CURVE('',#1555,#1586,#1594,.T.);
#1594 = LINE('',#1595,#1596);
#1595 = CARTESIAN_POINT('',(-1.5,1.365574320289E-16,0.615));
#1596 = VECTOR('',#1597,1.);
#1597 = DIRECTION('',(1.,0.,0.));
#1598 = PLANE('',#1599);
#1599 = AXIS2_PLACEMENT_3D('',#1600,#1601,#1602);
#1600 = CARTESIAN_POINT('',(-1.5,1.365574320289E-16,0.615));
#1601 = DIRECTION('',(-0.,2.22044604925E-16,1.));
#1602 = DIRECTION('',(-1.,0.,-0.));
#1603 = ADVANCED_FACE('',(#1604),#1631,.T.);
#1604 = FACE_BOUND('',#1605,.F.);
#1605 = EDGE_LOOP('',(#1606,#1616,#1623,#1624));
#1606 = ORIENTED_EDGE('',*,*,#1607,.T.);
#1607 = EDGE_CURVE('',#1608,#1610,#1612,.T.);
#1608 = VERTEX_POINT('',#1609);
#1609 = CARTESIAN_POINT('',(-1.19,1.965094753587E-16,0.885));
#1610 = VERTEX_POINT('',#1611);
#1611 = CARTESIAN_POINT('',(-1.19,0.2,0.885));
#1612 = LINE('',#1613,#1614);
#1613 = CARTESIAN_POINT('',(-1.19,1.965094753587E-16,0.885));
#1614 = VECTOR('',#1615,1.);
#1615 = DIRECTION('',(-0.,1.,-2.22044604925E-16));
#1616 = ORIENTED_EDGE('',*,*,#1617,.T.);
#1617 = EDGE_CURVE('',#1610,#1578,#1618,.T.);
#1618 = CIRCLE('',#1619,0.135);
#1619 = AXIS2_PLACEMENT_3D('',#1620,#1621,#1622);
#1620 = CARTESIAN_POINT('',(-1.19,0.2,0.75));
#1621 = DIRECTION('',(-0.,1.,-2.22044604925E-16));
#1622 = DIRECTION('',(-1.,-0.,0.));
#1623 = ORIENTED_EDGE('',*,*,#1585,.F.);
#1624 = ORIENTED_EDGE('',*,*,#1625,.F.);
#1625 = EDGE_CURVE('',#1608,#1586,#1626,.T.);
#1626 = CIRCLE('',#1627,0.135);
#1627 = AXIS2_PLACEMENT_3D('',#1628,#1629,#1630);
#1628 = CARTESIAN_POINT('',(-1.19,1.665334536938E-16,0.75));
#1629 = DIRECTION('',(-0.,1.,-2.22044604925E-16));
#1630 = DIRECTION('',(-1.,-0.,0.));
#1631 = CYLINDRICAL_SURFACE('',#1632,0.135);
#1632 = AXIS2_PLACEMENT_3D('',#1633,#1634,#1635);
#1633 = CARTESIAN_POINT('',(-1.19,1.665334536938E-16,0.75));
#1634 = DIRECTION('',(-0.,-1.,2.22044604925E-16));
#1635 = DIRECTION('',(-1.,-0.,-0.));
#1636 = ADVANCED_FACE('',(#1637),#1653,.F.);
#1637 = FACE_BOUND('',#1638,.T.);
#1638 = EDGE_LOOP('',(#1639,#1640,#1646,#1647));
#1639 = ORIENTED_EDGE('',*,*,#1607,.T.);
#1640 = ORIENTED_EDGE('',*,*,#1641,.T.);
#1641 = EDGE_CURVE('',#1610,#1539,#1642,.T.);
#1642 = LINE('',#1643,#1644);
#1643 = CARTESIAN_POINT('',(-1.19,0.2,0.885));
#1644 = VECTOR('',#1645,1.);
#1645 = DIRECTION('',(-1.,-0.,0.));
#1646 = ORIENTED_EDGE('',*,*,#1536,.F.);
#1647 = ORIENTED_EDGE('',*,*,#1648,.F.);
#1648 = EDGE_CURVE('',#1608,#1537,#1649,.T.);
#1649 = LINE('',#1650,#1651);
#1650 = CARTESIAN_POINT('',(-1.19,1.965094753587E-16,0.885));
#1651 = VECTOR('',#1652,1.);
#1652 = DIRECTION('',(-1.,-0.,0.));
#1653 = PLANE('',#1654);
#1654 = AXIS2_PLACEMENT_3D('',#1655,#1656,#1657);
#1655 = CARTESIAN_POINT('',(-1.19,1.965094753587E-16,0.885));
#1656 = DIRECTION('',(-0.,-2.22044604925E-16,-1.));
#1657 = DIRECTION('',(1.,0.,0.));
#1658 = ADVANCED_FACE('',(#1659),#1665,.F.);
#1659 = FACE_BOUND('',#1660,.T.);
#1660 = EDGE_LOOP('',(#1661,#1662,#1663,#1664));
#1661 = ORIENTED_EDGE('',*,*,#1562,.T.);
#1662 = ORIENTED_EDGE('',*,*,#1593,.T.);
#1663 = ORIENTED_EDGE('',*,*,#1625,.F.);
#1664 = ORIENTED_EDGE('',*,*,#1648,.T.);
#1665 = PLANE('',#1666);
#1666 = AXIS2_PLACEMENT_3D('',#1667,#1668,#1669);
#1667 = CARTESIAN_POINT('',(-1.304465925893,1.665334536938E-16,0.75));
#1668 = DIRECTION('',(0.,1.,0.));
#1669 = DIRECTION('',(0.,0.,-1.));
#1670 = ADVANCED_FACE('',(#1671),#1677,.T.);
#1671 = FACE_BOUND('',#1672,.F.);
#1672 = EDGE_LOOP('',(#1673,#1674,#1675,#1676));
#1673 = ORIENTED_EDGE('',*,*,#1546,.T.);
#1674 = ORIENTED_EDGE('',*,*,#1577,.T.);
#1675 = ORIENTED_EDGE('',*,*,#1617,.F.);
#1676 = ORIENTED_EDGE('',*,*,#1641,.T.);
#1677 = PLANE('',#1678);
#1678 = AXIS2_PLACEMENT_3D('',#1679,#1680,#1681);
#1679 = CARTESIAN_POINT('',(-1.304465925893,0.2,0.75));
#1680 = DIRECTION('',(0.,1.,0.));
#1681 = DIRECTION('',(0.,0.,-1.));
#1682 = ( GEOMETRIC_REPRESENTATION_CONTEXT(3) 
GLOBAL_UNCERTAINTY_ASSIGNED_CONTEXT((#1686)) 
GLOBAL_UNIT_ASSIGNED_CONTEXT((#1683,#1684,#1685)) REPRESENTATION_CONTEXT
('Context #1','3D Context with UNIT and UNCERTAINTY') );
#1683 = ( LENGTH_UNIT() NAMED_UNIT(*) SI_UNIT(.MILLI.,.METRE.) );
#1684 = ( NAMED_UNIT(*) PLANE_ANGLE_UNIT() SI_UNIT($,.RADIAN.) );
#1685 = ( NAMED_UNIT(*) SI_UNIT($,.STERADIAN.) SOLID_ANGLE_UNIT() );
#1686 = UNCERTAINTY_MEASURE_WITH_UNIT(LENGTH_MEASURE(1.E-07),#1683,
  'distance_accuracy_value','confusion accuracy');
#1687 = CONTEXT_DEPENDENT_SHAPE_REPRESENTATION(#1688,#1690);
#1688 = ( REPRESENTATION_RELATIONSHIP('','',#1529,#10) 
REPRESENTATION_RELATIONSHIP_WITH_TRANSFORMATION(#1689) 
SHAPE_REPRESENTATION_RELATIONSHIP() );
#1689 = ITEM_DEFINED_TRANSFORMATION('','',#11,#23);
#1690 = PRODUCT_DEFINITION_SHAPE('Placement','Placement of an item',
  #1691);
#1691 = NEXT_ASSEMBLY_USAGE_OCCURRENCE('2185','Array002_Solid1','',#5,
  #1524,$);
#1692 = PRODUCT_RELATED_PRODUCT_CATEGORY('part',$,(#1526));
#1693 = CONTEXT_DEPENDENT_SHAPE_REPRESENTATION(#1694,#1696);
#1694 = ( REPRESENTATION_RELATIONSHIP('','',#1529,#10) 
REPRESENTATION_RELATIONSHIP_WITH_TRANSFORMATION(#1695) 
SHAPE_REPRESENTATION_RELATIONSHIP() );
#1695 = ITEM_DEFINED_TRANSFORMATION('','',#11,#27);
#1696 = PRODUCT_DEFINITION_SHAPE('Placement','Placement of an item',
  #1697);
#1697 = NEXT_ASSEMBLY_USAGE_OCCURRENCE('2186','Array002_Solid2','',#5,
  #1524,$);
#1698 = CONTEXT_DEPENDENT_SHAPE_REPRESENTATION(#1699,#1701);
#1699 = ( REPRESENTATION_RELATIONSHIP('','',#1529,#10) 
REPRESENTATION_RELATIONSHIP_WITH_TRANSFORMATION(#1700) 
SHAPE_REPRESENTATION_RELATIONSHIP() );
#1700 = ITEM_DEFINED_TRANSFORMATION('','',#11,#31);
#1701 = PRODUCT_DEFINITION_SHAPE('Placement','Placement of an item',
  #1702);
#1702 = NEXT_ASSEMBLY_USAGE_OCCURRENCE('2187','Array002_Solid3','',#5,
  #1524,$);
#1703 = CONTEXT_DEPENDENT_SHAPE_REPRESENTATION(#1704,#1706);
#1704 = ( REPRESENTATION_RELATIONSHIP('','',#1529,#10) 
REPRESENTATION_RELATIONSHIP_WITH_TRANSFORMATION(#1705) 
SHAPE_REPRESENTATION_RELATIONSHIP() );
#1705 = ITEM_DEFINED_TRANSFORMATION('','',#11,#35);
#1706 = PRODUCT_DEFINITION_SHAPE('Placement','Placement of an item',
  #1707);
#1707 = NEXT_ASSEMBLY_USAGE_OCCURRENCE('2188','Array002_Solid4','',#5,
  #1524,$);
#1708 = SHAPE_DEFINITION_REPRESENTATION(#1709,#1715);
#1709 = PRODUCT_DEFINITION_SHAPE('','',#1710);
#1710 = PRODUCT_DEFINITION('design','',#1711,#1714);
#1711 = PRODUCT_DEFINITION_FORMATION('','',#1712);
#1712 = PRODUCT('Array003_Solid2','Array003_Solid2','',(#1713));
#1713 = PRODUCT_CONTEXT('',#2,'mechanical');
#1714 = PRODUCT_DEFINITION_CONTEXT('part definition',#2,'design');
#1715 = ADVANCED_BREP_SHAPE_REPRESENTATION('',(#11,#1716),#1868);
#1716 = MANIFOLD_SOLID_BREP('',#1717);
#1717 = CLOSED_SHELL('',(#1718,#1758,#1789,#1822,#1844,#1856));
#1718 = ADVANCED_FACE('',(#1719),#1753,.F.);
#1719 = FACE_BOUND('',#1720,.F.);
#1720 = EDGE_LOOP('',(#1721,#1731,#1739,#1747));
#1721 = ORIENTED_EDGE('',*,*,#1722,.T.);
#1722 = EDGE_CURVE('',#1723,#1725,#1727,.T.);
#1723 = VERTEX_POINT('',#1724);
#1724 = CARTESIAN_POINT('',(1.5,1.965094753587E-16,0.885));
#1725 = VERTEX_POINT('',#1726);
#1726 = CARTESIAN_POINT('',(1.5,0.2,0.885));
#1727 = LINE('',#1728,#1729);
#1728 = CARTESIAN_POINT('',(1.5,1.965094753587E-16,0.885));
#1729 = VECTOR('',#1730,1.);
#1730 = DIRECTION('',(-0.,1.,-2.22044604925E-16));
#1731 = ORIENTED_EDGE('',*,*,#1732,.T.);
#1732 = EDGE_CURVE('',#1725,#1733,#1735,.T.);
#1733 = VERTEX_POINT('',#1734);
#1734 = CARTESIAN_POINT('',(1.5,0.2,0.615));
#1735 = LINE('',#1736,#1737);
#1736 = CARTESIAN_POINT('',(1.5,0.2,0.885));
#1737 = VECTOR('',#1738,1.);
#1738 = DIRECTION('',(0.,-2.22044604925E-16,-1.));
#1739 = ORIENTED_EDGE('',*,*,#1740,.F.);
#1740 = EDGE_CURVE('',#1741,#1733,#1743,.T.);
#1741 = VERTEX_POINT('',#1742);
#1742 = CARTESIAN_POINT('',(1.5,1.365574320289E-16,0.615));
#1743 = LINE('',#1744,#1745);
#1744 = CARTESIAN_POINT('',(1.5,1.365574320289E-16,0.615));
#1745 = VECTOR('',#1746,1.);
#1746 = DIRECTION('',(-0.,1.,-2.22044604925E-16));
#1747 = ORIENTED_EDGE('',*,*,#1748,.F.);
#1748 = EDGE_CURVE('',#1723,#1741,#1749,.T.);
#1749 = LINE('',#1750,#1751);
#1750 = CARTESIAN_POINT('',(1.5,1.965094753587E-16,0.885));
#1751 = VECTOR('',#1752,1.);
#1752 = DIRECTION('',(0.,-2.22044604925E-16,-1.));
#1753 = PLANE('',#1754);
#1754 = AXIS2_PLACEMENT_3D('',#1755,#1756,#1757);
#1755 = CARTESIAN_POINT('',(1.5,1.965094753587E-16,0.885));
#1756 = DIRECTION('',(-1.,-0.,0.));
#1757 = DIRECTION('',(0.,-2.22044604925E-16,-1.));
#1758 = ADVANCED_FACE('',(#1759),#1784,.F.);
#1759 = FACE_BOUND('',#1760,.F.);
#1760 = EDGE_LOOP('',(#1761,#1762,#1770,#1778));
#1761 = ORIENTED_EDGE('',*,*,#1740,.T.);
#1762 = ORIENTED_EDGE('',*,*,#1763,.T.);
#1763 = EDGE_CURVE('',#1733,#1764,#1766,.T.);
#1764 = VERTEX_POINT('',#1765);
#1765 = CARTESIAN_POINT('',(1.19,0.2,0.615));
#1766 = LINE('',#1767,#1768);
#1767 = CARTESIAN_POINT('',(1.5,0.2,0.615));
#1768 = VECTOR('',#1769,1.);
#1769 = DIRECTION('',(-1.,0.,0.));
#1770 = ORIENTED_EDGE('',*,*,#1771,.F.);
#1771 = EDGE_CURVE('',#1772,#1764,#1774,.T.);
#1772 = VERTEX_POINT('',#1773);
#1773 = CARTESIAN_POINT('',(1.19,1.365574320289E-16,0.615));
#1774 = LINE('',#1775,#1776);
#1775 = CARTESIAN_POINT('',(1.19,1.365574320289E-16,0.615));
#1776 = VECTOR('',#1777,1.);
#1777 = DIRECTION('',(-0.,1.,-2.22044604925E-16));
#1778 = ORIENTED_EDGE('',*,*,#1779,.F.);
#1779 = EDGE_CURVE('',#1741,#1772,#1780,.T.);
#1780 = LINE('',#1781,#1782);
#1781 = CARTESIAN_POINT('',(1.5,1.365574320289E-16,0.615));
#1782 = VECTOR('',#1783,1.);
#1783 = DIRECTION('',(-1.,0.,0.));
#1784 = PLANE('',#1785);
#1785 = AXIS2_PLACEMENT_3D('',#1786,#1787,#1788);
#1786 = CARTESIAN_POINT('',(1.5,1.365574320289E-16,0.615));
#1787 = DIRECTION('',(0.,2.22044604925E-16,1.));
#1788 = DIRECTION('',(-1.,-0.,0.));
#1789 = ADVANCED_FACE('',(#1790),#1817,.T.);
#1790 = FACE_BOUND('',#1791,.T.);
#1791 = EDGE_LOOP('',(#1792,#1802,#1809,#1810));
#1792 = ORIENTED_EDGE('',*,*,#1793,.T.);
#1793 = EDGE_CURVE('',#1794,#1796,#1798,.T.);
#1794 = VERTEX_POINT('',#1795);
#1795 = CARTESIAN_POINT('',(1.19,1.965094753587E-16,0.885));
#1796 = VERTEX_POINT('',#1797);
#1797 = CARTESIAN_POINT('',(1.19,0.2,0.885));
#1798 = LINE('',#1799,#1800);
#1799 = CARTESIAN_POINT('',(1.19,1.965094753587E-16,0.885));
#1800 = VECTOR('',#1801,1.);
#1801 = DIRECTION('',(-0.,1.,-2.22044604925E-16));
#1802 = ORIENTED_EDGE('',*,*,#1803,.T.);
#1803 = EDGE_CURVE('',#1796,#1764,#1804,.T.);
#1804 = CIRCLE('',#1805,0.135);
#1805 = AXIS2_PLACEMENT_3D('',#1806,#1807,#1808);
#1806 = CARTESIAN_POINT('',(1.19,0.2,0.75));
#1807 = DIRECTION('',(0.,-1.,2.22044604925E-16));
#1808 = DIRECTION('',(1.,0.,0.));
#1809 = ORIENTED_EDGE('',*,*,#1771,.F.);
#1810 = ORIENTED_EDGE('',*,*,#1811,.F.);
#1811 = EDGE_CURVE('',#1794,#1772,#1812,.T.);
#1812 = CIRCLE('',#1813,0.135);
#1813 = AXIS2_PLACEMENT_3D('',#1814,#1815,#1816);
#1814 = CARTESIAN_POINT('',(1.19,1.665334536938E-16,0.75));
#1815 = DIRECTION('',(0.,-1.,2.22044604925E-16));
#1816 = DIRECTION('',(1.,0.,0.));
#1817 = CYLINDRICAL_SURFACE('',#1818,0.135);
#1818 = AXIS2_PLACEMENT_3D('',#1819,#1820,#1821);
#1819 = CARTESIAN_POINT('',(1.19,1.665334536938E-16,0.75));
#1820 = DIRECTION('',(0.,-1.,2.22044604925E-16));
#1821 = DIRECTION('',(1.,0.,0.));
#1822 = ADVANCED_FACE('',(#1823),#1839,.F.);
#1823 = FACE_BOUND('',#1824,.F.);
#1824 = EDGE_LOOP('',(#1825,#1826,#1832,#1833));
#1825 = ORIENTED_EDGE('',*,*,#1793,.T.);
#1826 = ORIENTED_EDGE('',*,*,#1827,.T.);
#1827 = EDGE_CURVE('',#1796,#1725,#1828,.T.);
#1828 = LINE('',#1829,#1830);
#1829 = CARTESIAN_POINT('',(1.19,0.2,0.885));
#1830 = VECTOR('',#1831,1.);
#1831 = DIRECTION('',(1.,0.,0.));
#1832 = ORIENTED_EDGE('',*,*,#1722,.F.);
#1833 = ORIENTED_EDGE('',*,*,#1834,.F.);
#1834 = EDGE_CURVE('',#1794,#1723,#1835,.T.);
#1835 = LINE('',#1836,#1837);
#1836 = CARTESIAN_POINT('',(1.19,1.965094753587E-16,0.885));
#1837 = VECTOR('',#1838,1.);
#1838 = DIRECTION('',(1.,0.,0.));
#1839 = PLANE('',#1840);
#1840 = AXIS2_PLACEMENT_3D('',#1841,#1842,#1843);
#1841 = CARTESIAN_POINT('',(1.19,1.965094753587E-16,0.885));
#1842 = DIRECTION('',(0.,-2.22044604925E-16,-1.));
#1843 = DIRECTION('',(1.,0.,0.));
#1844 = ADVANCED_FACE('',(#1845),#1851,.F.);
#1845 = FACE_BOUND('',#1846,.F.);
#1846 = EDGE_LOOP('',(#1847,#1848,#1849,#1850));
#1847 = ORIENTED_EDGE('',*,*,#1748,.T.);
#1848 = ORIENTED_EDGE('',*,*,#1779,.T.);
#1849 = ORIENTED_EDGE('',*,*,#1811,.F.);
#1850 = ORIENTED_EDGE('',*,*,#1834,.T.);
#1851 = PLANE('',#1852);
#1852 = AXIS2_PLACEMENT_3D('',#1853,#1854,#1855);
#1853 = CARTESIAN_POINT('',(1.304465925893,1.665334536938E-16,0.75));
#1854 = DIRECTION('',(0.,1.,0.));
#1855 = DIRECTION('',(0.,0.,1.));
#1856 = ADVANCED_FACE('',(#1857),#1863,.T.);
#1857 = FACE_BOUND('',#1858,.T.);
#1858 = EDGE_LOOP('',(#1859,#1860,#1861,#1862));
#1859 = ORIENTED_EDGE('',*,*,#1732,.T.);
#1860 = ORIENTED_EDGE('',*,*,#1763,.T.);
#1861 = ORIENTED_EDGE('',*,*,#1803,.F.);
#1862 = ORIENTED_EDGE('',*,*,#1827,.T.);
#1863 = PLANE('',#1864);
#1864 = AXIS2_PLACEMENT_3D('',#1865,#1866,#1867);
#1865 = CARTESIAN_POINT('',(1.304465925893,0.2,0.75));
#1866 = DIRECTION('',(0.,1.,0.));
#1867 = DIRECTION('',(0.,0.,1.));
#1868 = ( GEOMETRIC_REPRESENTATION_CONTEXT(3) 
GLOBAL_UNCERTAINTY_ASSIGNED_CONTEXT((#1872)) 
GLOBAL_UNIT_ASSIGNED_CONTEXT((#1869,#1870,#1871)) REPRESENTATION_CONTEXT
('Context #1','3D Context with UNIT and UNCERTAINTY') );
#1869 = ( LENGTH_UNIT() NAMED_UNIT(*) SI_UNIT(.MILLI.,.METRE.) );
#1870 = ( NAMED_UNIT(*) PLANE_ANGLE_UNIT() SI_UNIT($,.RADIAN.) );
#1871 = ( NAMED_UNIT(*) SI_UNIT($,.STERADIAN.) SOLID_ANGLE_UNIT() );
#1872 = UNCERTAINTY_MEASURE_WITH_UNIT(LENGTH_MEASURE(1.E-07),#1869,
  'distance_accuracy_value','confusion accuracy');
#1873 = CONTEXT_DEPENDENT_SHAPE_REPRESENTATION(#1874,#1876);
#1874 = ( REPRESENTATION_RELATIONSHIP('','',#1715,#10) 
REPRESENTATION_RELATIONSHIP_WITH_TRANSFORMATION(#1875) 
SHAPE_REPRESENTATION_RELATIONSHIP() );
#1875 = ITEM_DEFINED_TRANSFORMATION('','',#11,#39);
#1876 = PRODUCT_DEFINITION_SHAPE('Placement','Placement of an item',
  #1877);
#1877 = NEXT_ASSEMBLY_USAGE_OCCURRENCE('2189','Array003_Solid2','',#5,
  #1710,$);
#1878 = PRODUCT_RELATED_PRODUCT_CATEGORY('part',$,(#1712));
#1879 = CONTEXT_DEPENDENT_SHAPE_REPRESENTATION(#1880,#1882);
#1880 = ( REPRESENTATION_RELATIONSHIP('','',#1715,#10) 
REPRESENTATION_RELATIONSHIP_WITH_TRANSFORMATION(#1881) 
SHAPE_REPRESENTATION_RELATIONSHIP() );
#1881 = ITEM_DEFINED_TRANSFORMATION('','',#11,#43);
#1882 = PRODUCT_DEFINITION_SHAPE('Placement','Placement of an item',
  #1883);
#1883 = NEXT_ASSEMBLY_USAGE_OCCURRENCE('2190','Array003_Solid3','',#5,
  #1710,$);
#1884 = CONTEXT_DEPENDENT_SHAPE_REPRESENTATION(#1885,#1887);
#1885 = ( REPRESENTATION_RELATIONSHIP('','',#1715,#10) 
REPRESENTATION_RELATIONSHIP_WITH_TRANSFORMATION(#1886) 
SHAPE_REPRESENTATION_RELATIONSHIP() );
#1886 = ITEM_DEFINED_TRANSFORMATION('','',#11,#47);
#1887 = PRODUCT_DEFINITION_SHAPE('Placement','Placement of an item',
  #1888);
#1888 = NEXT_ASSEMBLY_USAGE_OCCURRENCE('2191','Array003_Solid4','',#5,
  #1710,$);
#1889 = SHAPE_DEFINITION_REPRESENTATION(#1890,#1896);
#1890 = PRODUCT_DEFINITION_SHAPE('','',#1891);
#1891 = PRODUCT_DEFINITION('design','',#1892,#1895);
#1892 = PRODUCT_DEFINITION_FORMATION('','',#1893);
#1893 = PRODUCT('Body003_Solid1','Body003_Solid1','',(#1894));
#1894 = PRODUCT_CONTEXT('',#2,'mechanical');
#1895 = PRODUCT_DEFINITION_CONTEXT('part definition',#2,'design');
#1896 = ADVANCED_BREP_SHAPE_REPRESENTATION('',(#11,#1897),#2047);
#1897 = MANIFOLD_SOLID_BREP('',#1898);
#1898 = CLOSED_SHELL('',(#1899,#1939,#1970,#2001,#2023,#2035));
#1899 = ADVANCED_FACE('',(#1900),#1934,.T.);
#1900 = FACE_BOUND('',#1901,.T.);
#1901 = EDGE_LOOP('',(#1902,#1912,#1920,#1928));
#1902 = ORIENTED_EDGE('',*,*,#1903,.T.);
#1903 = EDGE_CURVE('',#1904,#1906,#1908,.T.);
#1904 = VERTEX_POINT('',#1905);
#1905 = CARTESIAN_POINT('',(0.7,-1.554312234475E-16,-0.7));
#1906 = VERTEX_POINT('',#1907);
#1907 = CARTESIAN_POINT('',(0.7,5.E-02,-0.7));
#1908 = LINE('',#1909,#1910);
#1909 = CARTESIAN_POINT('',(0.7,-1.554312234475E-16,-0.7));
#1910 = VECTOR('',#1911,1.);
#1911 = DIRECTION('',(-0.,1.,-2.22044604925E-16));
#1912 = ORIENTED_EDGE('',*,*,#1913,.T.);
#1913 = EDGE_CURVE('',#1906,#1914,#1916,.T.);
#1914 = VERTEX_POINT('',#1915);
#1915 = CARTESIAN_POINT('',(0.7,5.E-02,0.7));
#1916 = LINE('',#1917,#1918);
#1917 = CARTESIAN_POINT('',(0.7,5.E-02,-0.7));
#1918 = VECTOR('',#1919,1.);
#1919 = DIRECTION('',(0.,2.22044604925E-16,1.));
#1920 = ORIENTED_EDGE('',*,*,#1921,.F.);
#1921 = EDGE_CURVE('',#1922,#1914,#1924,.T.);
#1922 = VERTEX_POINT('',#1923);
#1923 = CARTESIAN_POINT('',(0.7,1.554312234475E-16,0.7));
#1924 = LINE('',#1925,#1926);
#1925 = CARTESIAN_POINT('',(0.7,1.554312234475E-16,0.7));
#1926 = VECTOR('',#1927,1.);
#1927 = DIRECTION('',(-0.,1.,-2.22044604925E-16));
#1928 = ORIENTED_EDGE('',*,*,#1929,.F.);
#1929 = EDGE_CURVE('',#1904,#1922,#1930,.T.);
#1930 = LINE('',#1931,#1932);
#1931 = CARTESIAN_POINT('',(0.7,-1.554312234475E-16,-0.7));
#1932 = VECTOR('',#1933,1.);
#1933 = DIRECTION('',(0.,2.22044604925E-16,1.));
#1934 = PLANE('',#1935);
#1935 = AXIS2_PLACEMENT_3D('',#1936,#1937,#1938);
#1936 = CARTESIAN_POINT('',(0.7,-1.554312234475E-16,-0.7));
#1937 = DIRECTION('',(1.,0.,0.));
#1938 = DIRECTION('',(0.,2.22044604925E-16,1.));
#1939 = ADVANCED_FACE('',(#1940),#1965,.T.);
#1940 = FACE_BOUND('',#1941,.T.);
#1941 = EDGE_LOOP('',(#1942,#1943,#1951,#1959));
#1942 = ORIENTED_EDGE('',*,*,#1921,.T.);
#1943 = ORIENTED_EDGE('',*,*,#1944,.T.);
#1944 = EDGE_CURVE('',#1914,#1945,#1947,.T.);
#1945 = VERTEX_POINT('',#1946);
#1946 = CARTESIAN_POINT('',(-0.7,5.E-02,0.7));
#1947 = LINE('',#1948,#1949);
#1948 = CARTESIAN_POINT('',(0.7,5.E-02,0.7));
#1949 = VECTOR('',#1950,1.);
#1950 = DIRECTION('',(-1.,0.,0.));
#1951 = ORIENTED_EDGE('',*,*,#1952,.F.);
#1952 = EDGE_CURVE('',#1953,#1945,#1955,.T.);
#1953 = VERTEX_POINT('',#1954);
#1954 = CARTESIAN_POINT('',(-0.7,1.554312234475E-16,0.7));
#1955 = LINE('',#1956,#1957);
#1956 = CARTESIAN_POINT('',(-0.7,1.554312234475E-16,0.7));
#1957 = VECTOR('',#1958,1.);
#1958 = DIRECTION('',(-0.,1.,-2.22044604925E-16));
#1959 = ORIENTED_EDGE('',*,*,#1960,.F.);
#1960 = EDGE_CURVE('',#1922,#1953,#1961,.T.);
#1961 = LINE('',#1962,#1963);
#1962 = CARTESIAN_POINT('',(0.7,1.554312234475E-16,0.7));
#1963 = VECTOR('',#1964,1.);
#1964 = DIRECTION('',(-1.,0.,0.));
#1965 = PLANE('',#1966);
#1966 = AXIS2_PLACEMENT_3D('',#1967,#1968,#1969);
#1967 = CARTESIAN_POINT('',(0.7,1.554312234475E-16,0.7));
#1968 = DIRECTION('',(0.,2.22044604925E-16,1.));
#1969 = DIRECTION('',(-1.,-0.,0.));
#1970 = ADVANCED_FACE('',(#1971),#1996,.T.);
#1971 = FACE_BOUND('',#1972,.T.);
#1972 = EDGE_LOOP('',(#1973,#1974,#1982,#1990));
#1973 = ORIENTED_EDGE('',*,*,#1952,.T.);
#1974 = ORIENTED_EDGE('',*,*,#1975,.T.);
#1975 = EDGE_CURVE('',#1945,#1976,#1978,.T.);
#1976 = VERTEX_POINT('',#1977);
#1977 = CARTESIAN_POINT('',(-0.7,5.E-02,-0.7));
#1978 = LINE('',#1979,#1980);
#1979 = CARTESIAN_POINT('',(-0.7,5.E-02,0.7));
#1980 = VECTOR('',#1981,1.);
#1981 = DIRECTION('',(0.,-2.22044604925E-16,-1.));
#1982 = ORIENTED_EDGE('',*,*,#1983,.F.);
#1983 = EDGE_CURVE('',#1984,#1976,#1986,.T.);
#1984 = VERTEX_POINT('',#1985);
#1985 = CARTESIAN_POINT('',(-0.7,-1.554312234475E-16,-0.7));
#1986 = LINE('',#1987,#1988);
#1987 = CARTESIAN_POINT('',(-0.7,-1.554312234475E-16,-0.7));
#1988 = VECTOR('',#1989,1.);
#1989 = DIRECTION('',(-0.,1.,-2.22044604925E-16));
#1990 = ORIENTED_EDGE('',*,*,#1991,.F.);
#1991 = EDGE_CURVE('',#1953,#1984,#1992,.T.);
#1992 = LINE('',#1993,#1994);
#1993 = CARTESIAN_POINT('',(-0.7,1.554312234475E-16,0.7));
#1994 = VECTOR('',#1995,1.);
#1995 = DIRECTION('',(0.,-2.22044604925E-16,-1.));
#1996 = PLANE('',#1997);
#1997 = AXIS2_PLACEMENT_3D('',#1998,#1999,#2000);
#1998 = CARTESIAN_POINT('',(-0.7,1.554312234475E-16,0.7));
#1999 = DIRECTION('',(-1.,-0.,0.));
#2000 = DIRECTION('',(0.,-2.22044604925E-16,-1.));
#2001 = ADVANCED_FACE('',(#2002),#2018,.T.);
#2002 = FACE_BOUND('',#2003,.T.);
#2003 = EDGE_LOOP('',(#2004,#2005,#2011,#2012));
#2004 = ORIENTED_EDGE('',*,*,#1983,.T.);
#2005 = ORIENTED_EDGE('',*,*,#2006,.T.);
#2006 = EDGE_CURVE('',#1976,#1906,#2007,.T.);
#2007 = LINE('',#2008,#2009);
#2008 = CARTESIAN_POINT('',(-0.7,5.E-02,-0.7));
#2009 = VECTOR('',#2010,1.);
#2010 = DIRECTION('',(1.,0.,0.));
#2011 = ORIENTED_EDGE('',*,*,#1903,.F.);
#2012 = ORIENTED_EDGE('',*,*,#2013,.F.);
#2013 = EDGE_CURVE('',#1984,#1904,#2014,.T.);
#2014 = LINE('',#2015,#2016);
#2015 = CARTESIAN_POINT('',(-0.7,-1.554312234475E-16,-0.7));
#2016 = VECTOR('',#2017,1.);
#2017 = DIRECTION('',(1.,0.,0.));
#2018 = PLANE('',#2019);
#2019 = AXIS2_PLACEMENT_3D('',#2020,#2021,#2022);
#2020 = CARTESIAN_POINT('',(-0.7,-1.554312234475E-16,-0.7));
#2021 = DIRECTION('',(0.,-2.22044604925E-16,-1.));
#2022 = DIRECTION('',(1.,0.,0.));
#2023 = ADVANCED_FACE('',(#2024),#2030,.F.);
#2024 = FACE_BOUND('',#2025,.T.);
#2025 = EDGE_LOOP('',(#2026,#2027,#2028,#2029));
#2026 = ORIENTED_EDGE('',*,*,#1929,.T.);
#2027 = ORIENTED_EDGE('',*,*,#1960,.T.);
#2028 = ORIENTED_EDGE('',*,*,#1991,.T.);
#2029 = ORIENTED_EDGE('',*,*,#2013,.T.);
#2030 = PLANE('',#2031);
#2031 = AXIS2_PLACEMENT_3D('',#2032,#2033,#2034);
#2032 = CARTESIAN_POINT('',(-1.982541115402E-17,-4.402125587171E-33,
    -1.982541115402E-17));
#2033 = DIRECTION('',(0.,1.,0.));
#2034 = DIRECTION('',(0.,0.,1.));
#2035 = ADVANCED_FACE('',(#2036),#2042,.T.);
#2036 = FACE_BOUND('',#2037,.F.);
#2037 = EDGE_LOOP('',(#2038,#2039,#2040,#2041));
#2038 = ORIENTED_EDGE('',*,*,#1913,.T.);
#2039 = ORIENTED_EDGE('',*,*,#1944,.T.);
#2040 = ORIENTED_EDGE('',*,*,#1975,.T.);
#2041 = ORIENTED_EDGE('',*,*,#2006,.T.);
#2042 = PLANE('',#2043);
#2043 = AXIS2_PLACEMENT_3D('',#2044,#2045,#2046);
#2044 = CARTESIAN_POINT('',(-1.982541115402E-17,5.E-02,
    -3.469446951954E-17));
#2045 = DIRECTION('',(0.,1.,0.));
#2046 = DIRECTION('',(0.,0.,1.));
#2047 = ( GEOMETRIC_REPRESENTATION_CONTEXT(3) 
GLOBAL_UNCERTAINTY_ASSIGNED_CONTEXT((#2051)) 
GLOBAL_UNIT_ASSIGNED_CONTEXT((#2048,#2049,#2050)) REPRESENTATION_CONTEXT
('Context #1','3D Context with UNIT and UNCERTAINTY') );
#2048 = ( LENGTH_UNIT() NAMED_UNIT(*) SI_UNIT(.MILLI.,.METRE.) );
#2049 = ( NAMED_UNIT(*) PLANE_ANGLE_UNIT() SI_UNIT($,.RADIAN.) );
#2050 = ( NAMED_UNIT(*) SI_UNIT($,.STERADIAN.) SOLID_ANGLE_UNIT() );
#2051 = UNCERTAINTY_MEASURE_WITH_UNIT(LENGTH_MEASURE(1.E-07),#2048,
  'distance_accuracy_value','confusion accuracy');
#2052 = CONTEXT_DEPENDENT_SHAPE_REPRESENTATION(#2053,#2055);
#2053 = ( REPRESENTATION_RELATIONSHIP('','',#1896,#10) 
REPRESENTATION_RELATIONSHIP_WITH_TRANSFORMATION(#2054) 
SHAPE_REPRESENTATION_RELATIONSHIP() );
#2054 = ITEM_DEFINED_TRANSFORMATION('','',#11,#51);
#2055 = PRODUCT_DEFINITION_SHAPE('Placement','Placement of an item',
  #2056);
#2056 = NEXT_ASSEMBLY_USAGE_OCCURRENCE('2192','Body003_Solid1','',#5,
  #1891,$);
#2057 = PRODUCT_RELATED_PRODUCT_CATEGORY('part',$,(#1893));
#2058 = SHAPE_DEFINITION_REPRESENTATION(#2059,#2065);
#2059 = PRODUCT_DEFINITION_SHAPE('','',#2060);
#2060 = PRODUCT_DEFINITION('design','',#2061,#2064);
#2061 = PRODUCT_DEFINITION_FORMATION('','',#2062);
#2062 = PRODUCT('Body004_Solid1','Body004_Solid1','',(#2063));
#2063 = PRODUCT_CONTEXT('',#2,'mechanical');
#2064 = PRODUCT_DEFINITION_CONTEXT('part definition',#2,'design');
#2065 = ADVANCED_BREP_SHAPE_REPRESENTATION('',(#11,#2066),#2119);
#2066 = MANIFOLD_SOLID_BREP('',#2067);
#2067 = CLOSED_SHELL('',(#2068,#2101,#2110));
#2068 = ADVANCED_FACE('',(#2069),#2096,.T.);
#2069 = FACE_BOUND('',#2070,.F.);
#2070 = EDGE_LOOP('',(#2071,#2081,#2088,#2089));
#2071 = ORIENTED_EDGE('',*,*,#2072,.T.);
#2072 = EDGE_CURVE('',#2073,#2075,#2077,.T.);
#2073 = VERTEX_POINT('',#2074);
#2074 = CARTESIAN_POINT('',(-1.269,0.746,-0.619));
#2075 = VERTEX_POINT('',#2076);
#2076 = CARTESIAN_POINT('',(-1.269,1.,-0.619));
#2077 = LINE('',#2078,#2079);
#2078 = CARTESIAN_POINT('',(-1.269,0.746,-0.619));
#2079 = VECTOR('',#2080,1.);
#2080 = DIRECTION('',(0.,1.,-2.22044604925E-16));
#2081 = ORIENTED_EDGE('',*,*,#2082,.T.);
#2082 = EDGE_CURVE('',#2075,#2075,#2083,.T.);
#2083 = CIRCLE('',#2084,0.15);
#2084 = AXIS2_PLACEMENT_3D('',#2085,#2086,#2087);
#2085 = CARTESIAN_POINT('',(-1.119,1.,-0.619));
#2086 = DIRECTION('',(0.,1.,-2.22044604925E-16));
#2087 = DIRECTION('',(-1.,0.,0.));
#2088 = ORIENTED_EDGE('',*,*,#2072,.F.);
#2089 = ORIENTED_EDGE('',*,*,#2090,.F.);
#2090 = EDGE_CURVE('',#2073,#2073,#2091,.T.);
#2091 = CIRCLE('',#2092,0.15);
#2092 = AXIS2_PLACEMENT_3D('',#2093,#2094,#2095);
#2093 = CARTESIAN_POINT('',(-1.119,0.746,-0.619));
#2094 = DIRECTION('',(0.,1.,-2.22044604925E-16));
#2095 = DIRECTION('',(-1.,0.,0.));
#2096 = CYLINDRICAL_SURFACE('',#2097,0.15);
#2097 = AXIS2_PLACEMENT_3D('',#2098,#2099,#2100);
#2098 = CARTESIAN_POINT('',(-1.119,0.746,-0.619));
#2099 = DIRECTION('',(0.,-1.,2.22044604925E-16));
#2100 = DIRECTION('',(-1.,0.,0.));
#2101 = ADVANCED_FACE('',(#2102),#2105,.F.);
#2102 = FACE_BOUND('',#2103,.F.);
#2103 = EDGE_LOOP('',(#2104));
#2104 = ORIENTED_EDGE('',*,*,#2090,.T.);
#2105 = PLANE('',#2106);
#2106 = AXIS2_PLACEMENT_3D('',#2107,#2108,#2109);
#2107 = CARTESIAN_POINT('',(-1.119,0.746,-0.619));
#2108 = DIRECTION('',(0.,1.,0.));
#2109 = DIRECTION('',(0.,0.,1.));
#2110 = ADVANCED_FACE('',(#2111),#2114,.T.);
#2111 = FACE_BOUND('',#2112,.T.);
#2112 = EDGE_LOOP('',(#2113));
#2113 = ORIENTED_EDGE('',*,*,#2082,.T.);
#2114 = PLANE('',#2115);
#2115 = AXIS2_PLACEMENT_3D('',#2116,#2117,#2118);
#2116 = CARTESIAN_POINT('',(-1.119,1.,-0.619));
#2117 = DIRECTION('',(0.,1.,0.));
#2118 = DIRECTION('',(0.,0.,1.));
#2119 = ( GEOMETRIC_REPRESENTATION_CONTEXT(3) 
GLOBAL_UNCERTAINTY_ASSIGNED_CONTEXT((#2123)) 
GLOBAL_UNIT_ASSIGNED_CONTEXT((#2120,#2121,#2122)) REPRESENTATION_CONTEXT
('Context #1','3D Context with UNIT and UNCERTAINTY') );
#2120 = ( LENGTH_UNIT() NAMED_UNIT(*) SI_UNIT(.MILLI.,.METRE.) );
#2121 = ( NAMED_UNIT(*) PLANE_ANGLE_UNIT() SI_UNIT($,.RADIAN.) );
#2122 = ( NAMED_UNIT(*) SI_UNIT($,.STERADIAN.) SOLID_ANGLE_UNIT() );
#2123 = UNCERTAINTY_MEASURE_WITH_UNIT(LENGTH_MEASURE(1.E-07),#2120,
  'distance_accuracy_value','confusion accuracy');
#2124 = CONTEXT_DEPENDENT_SHAPE_REPRESENTATION(#2125,#2127);
#2125 = ( REPRESENTATION_RELATIONSHIP('','',#2065,#10) 
REPRESENTATION_RELATIONSHIP_WITH_TRANSFORMATION(#2126) 
SHAPE_REPRESENTATION_RELATIONSHIP() );
#2126 = ITEM_DEFINED_TRANSFORMATION('','',#11,#55);
#2127 = PRODUCT_DEFINITION_SHAPE('Placement','Placement of an item',
  #2128);
#2128 = NEXT_ASSEMBLY_USAGE_OCCURRENCE('2193','Body004_Solid1','',#5,
  #2060,$);
#2129 = PRODUCT_RELATED_PRODUCT_CATEGORY('part',$,(#2062));
#2130 = SHAPE_DEFINITION_REPRESENTATION(#1696,#2131);
#2131 = SHAPE_REPRESENTATION('',(#27),#1682);
#2132 = SHAPE_DEFINITION_REPRESENTATION(#1701,#2133);
#2133 = SHAPE_REPRESENTATION('',(#31),#1682);
#2134 = SHAPE_DEFINITION_REPRESENTATION(#1706,#2135);
#2135 = SHAPE_REPRESENTATION('',(#35),#1682);
#2136 = SHAPE_DEFINITION_REPRESENTATION(#1882,#2137);
#2137 = SHAPE_REPRESENTATION('',(#43),#1868);
#2138 = SHAPE_DEFINITION_REPRESENTATION(#1887,#2139);
#2139 = SHAPE_REPRESENTATION('',(#47),#1868);
#2140 = SHAPE_DEFINITION_REPRESENTATION(#1696,#2141);
#2141 = SHAPE_REPRESENTATION('',(#27),#1682);
#2142 = SHAPE_DEFINITION_REPRESENTATION(#1701,#2143);
#2143 = SHAPE_REPRESENTATION('',(#31),#1682);
#2144 = SHAPE_DEFINITION_REPRESENTATION(#1706,#2145);
#2145 = SHAPE_REPRESENTATION('',(#35),#1682);
#2146 = SHAPE_DEFINITION_REPRESENTATION(#1882,#2147);
#2147 = SHAPE_REPRESENTATION('',(#43),#1868);
#2148 = SHAPE_DEFINITION_REPRESENTATION(#1887,#2149);
#2149 = SHAPE_REPRESENTATION('',(#47),#1868);
#2150 = MECHANICAL_DESIGN_GEOMETRIC_PRESENTATION_REPRESENTATION('',(
    #2151),#2047);
#2151 = STYLED_ITEM('color',(#2152),#1897);
#2152 = PRESENTATION_STYLE_ASSIGNMENT((#2153,#2159));
#2153 = SURFACE_STYLE_USAGE(.BOTH.,#2154);
#2154 = SURFACE_SIDE_STYLE('',(#2155));
#2155 = SURFACE_STYLE_FILL_AREA(#2156);
#2156 = FILL_AREA_STYLE('',(#2157));
#2157 = FILL_AREA_STYLE_COLOUR('',#2158);
#2158 = COLOUR_RGB('',0.796078452645,0.823529417451,0.937254901616);
#2159 = CURVE_STYLE('',#2160,POSITIVE_LENGTH_MEASURE(0.1),#2161);
#2160 = DRAUGHTING_PRE_DEFINED_CURVE_FONT('continuous');
#2161 = COLOUR_RGB('',9.803921802644E-02,9.803921802644E-02,
  9.803921802644E-02);
#2162 = MECHANICAL_DESIGN_GEOMETRIC_PRESENTATION_REPRESENTATION('',(
    #2163,#2172,#2181,#2190,#2199,#2210,#2219),#1682);
#2163 = STYLED_ITEM('color',(#2164),#1530);
#2164 = PRESENTATION_STYLE_ASSIGNMENT((#2165,#2170));
#2165 = SURFACE_STYLE_USAGE(.BOTH.,#2166);
#2166 = SURFACE_SIDE_STYLE('',(#2167));
#2167 = SURFACE_STYLE_FILL_AREA(#2168);
#2168 = FILL_AREA_STYLE('',(#2169));
#2169 = FILL_AREA_STYLE_COLOUR('',#2158);
#2170 = CURVE_STYLE('',#2171,POSITIVE_LENGTH_MEASURE(0.1),#2161);
#2171 = DRAUGHTING_PRE_DEFINED_CURVE_FONT('continuous');
#2172 = OVER_RIDING_STYLED_ITEM('overriding color',(#2173),#1530,#2163);
#2173 = PRESENTATION_STYLE_BY_CONTEXT((#2174,#2179),#2131);
#2174 = SURFACE_STYLE_USAGE(.BOTH.,#2175);
#2175 = SURFACE_SIDE_STYLE('',(#2176));
#2176 = SURFACE_STYLE_FILL_AREA(#2177);
#2177 = FILL_AREA_STYLE('',(#2178));
#2178 = FILL_AREA_STYLE_COLOUR('',#2158);
#2179 = CURVE_STYLE('',#2180,POSITIVE_LENGTH_MEASURE(0.1),#2161);
#2180 = DRAUGHTING_PRE_DEFINED_CURVE_FONT('continuous');
#2181 = OVER_RIDING_STYLED_ITEM('overriding color',(#2182),#1530,#2163);
#2182 = PRESENTATION_STYLE_BY_CONTEXT((#2183,#2188),#2133);
#2183 = SURFACE_STYLE_USAGE(.BOTH.,#2184);
#2184 = SURFACE_SIDE_STYLE('',(#2185));
#2185 = SURFACE_STYLE_FILL_AREA(#2186);
#2186 = FILL_AREA_STYLE('',(#2187));
#2187 = FILL_AREA_STYLE_COLOUR('',#2158);
#2188 = CURVE_STYLE('',#2189,POSITIVE_LENGTH_MEASURE(0.1),#2161);
#2189 = DRAUGHTING_PRE_DEFINED_CURVE_FONT('continuous');
#2190 = OVER_RIDING_STYLED_ITEM('overriding color',(#2191),#1530,#2163);
#2191 = PRESENTATION_STYLE_BY_CONTEXT((#2192,#2197),#2135);
#2192 = SURFACE_STYLE_USAGE(.BOTH.,#2193);
#2193 = SURFACE_SIDE_STYLE('',(#2194));
#2194 = SURFACE_STYLE_FILL_AREA(#2195);
#2195 = FILL_AREA_STYLE('',(#2196));
#2196 = FILL_AREA_STYLE_COLOUR('',#2158);
#2197 = CURVE_STYLE('',#2198,POSITIVE_LENGTH_MEASURE(0.1),#2161);
#2198 = DRAUGHTING_PRE_DEFINED_CURVE_FONT('continuous');
#2199 = OVER_RIDING_STYLED_ITEM('overriding color',(#2200),#1530,#2163);
#2200 = PRESENTATION_STYLE_BY_CONTEXT((#2201,#2207),#2141);
#2201 = SURFACE_STYLE_USAGE(.BOTH.,#2202);
#2202 = SURFACE_SIDE_STYLE('',(#2203));
#2203 = SURFACE_STYLE_FILL_AREA(#2204);
#2204 = FILL_AREA_STYLE('',(#2205));
#2205 = FILL_AREA_STYLE_COLOUR('',#2206);
#2206 = COLOUR_RGB('',0.796078452645,0.823529417451,0.937254901616);
#2207 = CURVE_STYLE('',#2208,POSITIVE_LENGTH_MEASURE(0.1),#2209);
#2208 = DRAUGHTING_PRE_DEFINED_CURVE_FONT('continuous');
#2209 = COLOUR_RGB('',9.803921802644E-02,9.803921802644E-02,
  9.803921802644E-02);
#2210 = OVER_RIDING_STYLED_ITEM('overriding color',(#2211),#1530,#2163);
#2211 = PRESENTATION_STYLE_BY_CONTEXT((#2212,#2217),#2143);
#2212 = SURFACE_STYLE_USAGE(.BOTH.,#2213);
#2213 = SURFACE_SIDE_STYLE('',(#2214));
#2214 = SURFACE_STYLE_FILL_AREA(#2215);
#2215 = FILL_AREA_STYLE('',(#2216));
#2216 = FILL_AREA_STYLE_COLOUR('',#2206);
#2217 = CURVE_STYLE('',#2218,POSITIVE_LENGTH_MEASURE(0.1),#2209);
#2218 = DRAUGHTING_PRE_DEFINED_CURVE_FONT('continuous');
#2219 = OVER_RIDING_STYLED_ITEM('overriding color',(#2220),#1530,#2163);
#2220 = PRESENTATION_STYLE_BY_CONTEXT((#2221,#2226),#2145);
#2221 = SURFACE_STYLE_USAGE(.BOTH.,#2222);
#2222 = SURFACE_SIDE_STYLE('',(#2223));
#2223 = SURFACE_STYLE_FILL_AREA(#2224);
#2224 = FILL_AREA_STYLE('',(#2225));
#2225 = FILL_AREA_STYLE_COLOUR('',#2206);
#2226 = CURVE_STYLE('',#2227,POSITIVE_LENGTH_MEASURE(0.1),#2209);
#2227 = DRAUGHTING_PRE_DEFINED_CURVE_FONT('continuous');
#2228 = MECHANICAL_DESIGN_GEOMETRIC_PRESENTATION_REPRESENTATION('',(
    #2229),#1340);
#2229 = STYLED_ITEM('color',(#2230),#73);
#2230 = PRESENTATION_STYLE_ASSIGNMENT((#2231,#2237));
#2231 = SURFACE_STYLE_USAGE(.BOTH.,#2232);
#2232 = SURFACE_SIDE_STYLE('',(#2233));
#2233 = SURFACE_STYLE_FILL_AREA(#2234);
#2234 = FILL_AREA_STYLE('',(#2235));
#2235 = FILL_AREA_STYLE_COLOUR('',#2236);
#2236 = COLOUR_RGB('',0.250980406631,0.250980406631,0.250980406631);
#2237 = CURVE_STYLE('',#2238,POSITIVE_LENGTH_MEASURE(0.1),#2161);
#2238 = DRAUGHTING_PRE_DEFINED_CURVE_FONT('continuous');
#2239 = MECHANICAL_DESIGN_GEOMETRIC_PRESENTATION_REPRESENTATION('',(
    #2240),#1511);
#2240 = STYLED_ITEM('color',(#2241),#1359);
#2241 = PRESENTATION_STYLE_ASSIGNMENT((#2242,#2247));
#2242 = SURFACE_STYLE_USAGE(.BOTH.,#2243);
#2243 = SURFACE_SIDE_STYLE('',(#2244));
#2244 = SURFACE_STYLE_FILL_AREA(#2245);
#2245 = FILL_AREA_STYLE('',(#2246));
#2246 = FILL_AREA_STYLE_COLOUR('',#2158);
#2247 = CURVE_STYLE('',#2248,POSITIVE_LENGTH_MEASURE(0.1),#2161);
#2248 = DRAUGHTING_PRE_DEFINED_CURVE_FONT('continuous');
#2249 = MECHANICAL_DESIGN_GEOMETRIC_PRESENTATION_REPRESENTATION('',(
    #2250),#2119);
#2250 = STYLED_ITEM('color',(#2251),#2066);
#2251 = PRESENTATION_STYLE_ASSIGNMENT((#2252,#2258));
#2252 = SURFACE_STYLE_USAGE(.BOTH.,#2253);
#2253 = SURFACE_SIDE_STYLE('',(#2254));
#2254 = SURFACE_STYLE_FILL_AREA(#2255);
#2255 = FILL_AREA_STYLE('',(#2256));
#2256 = FILL_AREA_STYLE_COLOUR('',#2257);
#2257 = DRAUGHTING_PRE_DEFINED_COLOUR('white');
#2258 = CURVE_STYLE('',#2259,POSITIVE_LENGTH_MEASURE(0.1),#2161);
#2259 = DRAUGHTING_PRE_DEFINED_CURVE_FONT('continuous');
#2260 = MECHANICAL_DESIGN_GEOMETRIC_PRESENTATION_REPRESENTATION('',(
    #2261,#2270,#2279,#2288,#2297),#1868);
#2261 = STYLED_ITEM('color',(#2262),#1716);
#2262 = PRESENTATION_STYLE_ASSIGNMENT((#2263,#2268));
#2263 = SURFACE_STYLE_USAGE(.BOTH.,#2264);
#2264 = SURFACE_SIDE_STYLE('',(#2265));
#2265 = SURFACE_STYLE_FILL_AREA(#2266);
#2266 = FILL_AREA_STYLE('',(#2267));
#2267 = FILL_AREA_STYLE_COLOUR('',#2158);
#2268 = CURVE_STYLE('',#2269,POSITIVE_LENGTH_MEASURE(0.1),#2161);
#2269 = DRAUGHTING_PRE_DEFINED_CURVE_FONT('continuous');
#2270 = OVER_RIDING_STYLED_ITEM('overriding color',(#2271),#1716,#2261);
#2271 = PRESENTATION_STYLE_BY_CONTEXT((#2272,#2277),#2137);
#2272 = SURFACE_STYLE_USAGE(.BOTH.,#2273);
#2273 = SURFACE_SIDE_STYLE('',(#2274));
#2274 = SURFACE_STYLE_FILL_AREA(#2275);
#2275 = FILL_AREA_STYLE('',(#2276));
#2276 = FILL_AREA_STYLE_COLOUR('',#2158);
#2277 = CURVE_STYLE('',#2278,POSITIVE_LENGTH_MEASURE(0.1),#2161);
#2278 = DRAUGHTING_PRE_DEFINED_CURVE_FONT('continuous');
#2279 = OVER_RIDING_STYLED_ITEM('overriding color',(#2280),#1716,#2261);
#2280 = PRESENTATION_STYLE_BY_CONTEXT((#2281,#2286),#2139);
#2281 = SURFACE_STYLE_USAGE(.BOTH.,#2282);
#2282 = SURFACE_SIDE_STYLE('',(#2283));
#2283 = SURFACE_STYLE_FILL_AREA(#2284);
#2284 = FILL_AREA_STYLE('',(#2285));
#2285 = FILL_AREA_STYLE_COLOUR('',#2158);
#2286 = CURVE_STYLE('',#2287,POSITIVE_LENGTH_MEASURE(0.1),#2161);
#2287 = DRAUGHTING_PRE_DEFINED_CURVE_FONT('continuous');
#2288 = OVER_RIDING_STYLED_ITEM('overriding color',(#2289),#1716,#2261);
#2289 = PRESENTATION_STYLE_BY_CONTEXT((#2290,#2295),#2147);
#2290 = SURFACE_STYLE_USAGE(.BOTH.,#2291);
#2291 = SURFACE_SIDE_STYLE('',(#2292));
#2292 = SURFACE_STYLE_FILL_AREA(#2293);
#2293 = FILL_AREA_STYLE('',(#2294));
#2294 = FILL_AREA_STYLE_COLOUR('',#2206);
#2295 = CURVE_STYLE('',#2296,POSITIVE_LENGTH_MEASURE(0.1),#2209);
#2296 = DRAUGHTING_PRE_DEFINED_CURVE_FONT('continuous');
#2297 = OVER_RIDING_STYLED_ITEM('overriding color',(#2298),#1716,#2261);
#2298 = PRESENTATION_STYLE_BY_CONTEXT((#2299,#2304),#2149);
#2299 = SURFACE_STYLE_USAGE(.BOTH.,#2300);
#2300 = SURFACE_SIDE_STYLE('',(#2301));
#2301 = SURFACE_STYLE_FILL_AREA(#2302);
#2302 = FILL_AREA_STYLE('',(#2303));
#2303 = FILL_AREA_STYLE_COLOUR('',#2206);
#2304 = CURVE_STYLE('',#2305,POSITIVE_LENGTH_MEASURE(0.1),#2209);
#2305 = DRAUGHTING_PRE_DEFINED_CURVE_FONT('continuous');
ENDSEC;
END-ISO-10303-21;
